"","word"
"1","ğÿµğÿ"
"2","celebritiesâ™¦ï¸rtâ™¦ï¸"
"3","friendğÿğÿºğÿ¸ğÿ™â¤ï¸"
"4","ğÿweve"
"5","ğÿ"
"6","ğÿ¥ğÿ¥"
"7","ğÿğÿgood"
"8","pleasethanksğÿğÿºğÿ¸"
"9","ã¨"
"10","â€œcopiaampincollaâ€"
"11","societã"
"12","ï½"
"13","northerâ€¦"
"14","conditâ€¦"
"15","tâ€¦"
"16","mockedâ€¦"
"17","thingsâ€¦"
"18","mâ€¦"
"19","â€¦"
"20","neâ€¦"
"21","reportâ€¦"
"22","middleâ€¦"
"23","ğÿ¥amp"
"24","aâ€¦"
"25","iï½ll"
"26","ï½ï½ï½ï½"
"27","iï½ll"
"28","ï½ï½ï½ï½"
"29","ï½ï½ï½"
"30","superstarâ€¦"
"31","http://t.co/ffbsls7w2k"
"32","pineappleâ€¦"
"33","ï½ï½on"
"34","ï½"
"35","|"
"36","appï½"
"37","appï½"
"38","beyoncã©"
"39","onâ€¦"
"40","#modelsâ€¦"
"41","ï½ï½"
"42","ï½ï½"
"43","whatâ€™s"
"44","noon6pmï½ï½ï½"
"45","inï½ï½ï½"
"46","â€¦"
"47","ma`valous"
"48","toâ€¦"
"49","ï½"
"50","case~"
"51","fiancã©"
"52","ï½"
"53","birthdayâ€¦"
"54","â€œfire"
"55","desireâ€"
"56","thisâ€¦"
"57","â¤â¤"
"58","ï½ï½ï½"
"59","ï½â¤ï¸"
"60","ï½"
"61","ï½"
"62","#peaceï½"
"63","ï½"
"64","ï½"
"65","ï½"
"66","breatherï½"
"67","ï½"
"68","âœœï½amp"
"69","â¤to"
"70","theï½godsgift"
"71","ï½ï½"
"72","contestï½"
"73","ï½ï½"
"74","contestï½"
"75","ï½ï½"
"76","contestï½"
"77","â˜¹ï¸"
"78","@evpiercephotoâ€¦"
"79","youâ€¦"
"80","ï½lavenderï½"
"81","â€œtrap"
"82","trapâ€"
"83","ampâ€¦"
"84","â€˜rise"
"85","ğÿ¦"
"86","ğÿ€"
"87","ï½"
"88","ï½â"
"89","ï½"
"90","ï½ï½ï½ï½"
"91","ï½"
"92","kansasâ€¦"
"93","ğÿ˜"
"94","@paulwallbabyâ€¦"
"95","â€"
"96","touâ€¦"
"97","matchğÿğÿ¾"
"98","ğÿ¸"
"99","â€œheartbreakâ€"
"100","signalğÿ¥"
"101","ğÿ˜ğÿ˜©"
"102","ğÿ¤ğÿ™ğÿ¾"
"103","toğÿ¥the"
"104","showğÿ¥"
"105","thisâ€¦27"
"106","bioğÿ˜"
"107","â"
"108","audienceğÿğÿœğÿ¤ğÿ¥"
"109","ğÿƒğÿ©"
"110","lebronâ€™s"
"111","ğÿmaxk3468ueğÿˆ"
"112","ğÿ"
"113","maxk3468ueğÿˆ"
"114","530pmâ€join"
"115","ğÿ˜ğÿ˜ğÿ˜"
"116","heâ€™s"
"117","fromâ"
"118","patriâ€¦"
"119","atâ€¦"
"120","atâ€¦"
"121","joinâ€¦"
"122","atâ€¦"
"123","atâ€¦"
"124","sâ€¦"
"125","eâ€¦"
"126","patâ€¦"
"127","eâ€¦"
"128","atâ€¦"
"129","atâ€¦"
"130","sâ€¦"
"131","atâ€¦"
"132","atâ€¦"
"133","atâ€¦"
"134","atâ€¦"
"135","atâ€¦"
"136","atâ€¦"
"137","atâ€¦"
"138","recruiâ€¦"
"139","joinâ€¦"
"140","atâ€¦"
"141","atâ€¦"
"142","atâ€¦"
"143","atâ€¦"
"144","gtâ€¦"
"145","joiâ€¦"
"146","atâ€¦"
"147","â€¦"
"148","aâ€¦"
"149","uâ€¦"
"150","atâ€¦"
"151","atâ€¦"
"152","â€¦"
"153","atâ€¦"
"154","â€¦"
"155","otherâ€¦"
"156","â€¦"
"157","restâ€¦"
"158","â€¦"
"159","â€¦"
"160","â€¦"
"161","tâ€¦"
"162","atâ€¦"
"163","atâ€¦"
"164","atâ€¦"
"165","ampâ€¦"
"166","joâ€¦"
"167","atâ€¦"
"168","atâ€¦"
"169","patrioâ€¦"
"170","jâ€¦"
"171","â€¦"
"172","atâ€¦"
"173","atâ€¦"
"174","atâ€¦"
"175","atâ€¦"
"176","atâ€¦"
"177","atâ€¦"
"178","stanâ€¦"
"179","eâ€¦"
"180","â€¦"
"181","#uâ€¦"
"182","â€¦"
"183","atâ€¦"
"184","atâ€¦"
"185","enlistâ€¦"
"186","â€¦"
"187","reâ€¦"
"188","atâ€¦"
"189","â€¦"
"190","pâ€¦"
"191","atâ€¦"
"192","gtâ€¦"
"193","pâ€¦"
"194","atâ€¦"
"195","atâ€¦"
"196","atâ€¦"
"197","atâ€¦"
"198","atâ€¦"
"199","â€¦"
"200","jâ€¦"
"201","sigâ€¦"
"202","â€¦"
"203","atâ€¦"
"204","atâ€¦"
"205","â€¦"
"206","ladiesâ€¦"
"207","patriâ€¦"
"208","atâ€¦"
"209","atâ€¦"
"210","joinâ€¦"
"211","atâ€¦"
"212","sâ€¦"
"213","atâ€¦"
"214","eâ€¦"
"215","patâ€¦"
"216","eâ€¦"
"217","atâ€¦"
"218","atâ€¦"
"219","sâ€¦"
"220","atâ€¦"
"221","atâ€¦"
"222","atâ€¦"
"223","atâ€¦"
"224","atâ€¦"
"225","atâ€¦"
"226","atâ€¦"
"227","joinâ€¦"
"228","recruiâ€¦"
"229","atâ€¦"
"230","atâ€¦"
"231","atâ€¦"
"232","gtâ€¦"
"233","atâ€¦"
"234","joiâ€¦"
"235","â€¦"
"236","aâ€¦"
"237","atâ€¦"
"238","uâ€¦"
"239","atâ€¦"
"240","atâ€¦"
"241","constitâ€¦"
"242","patrioâ€¦"
"243","â€¦"
"244","meeâ€¦"
"245","â€¦"
"246","â€¦"
"247","backâ€¦"
"248","â€¦"
"249","paâ€¦"
"250","baâ€¦"
"251","uâ€¦"
"252","â€¦"
"253","â€¦"
"254","â€¦"
"255","hâ€¦"
"256","atâ€¦"
"257","atâ€¦"
"258","staâ€¦"
"259","atâ€¦"
"260","atâ€¦"
"261","â€¦"
"262","recruâ€¦"
"263","jâ€¦"
"264","atâ€¦"
"265","atâ€¦"
"266","atâ€¦"
"267","â€¦"
"268","atâ€¦"
"269","pâ€¦"
"270","ameriâ€¦"
"271","atâ€¦"
"272","paâ€¦"
"273","â€¦"
"274","atâ€¦"
"275","patriâ€¦"
"276","â€¦"
"277","theâ€¦"
"278","staâ€¦"
"279","atâ€¦"
"280","atâ€¦"
"281","â€¦"
"282","joâ€¦"
"283","atâ€¦"
"284","jâ€¦"
"285","meetâ€¦"
"286","patrioâ€¦"
"287","atâ€¦"
"288","atâ€¦"
"289","atâ€¦"
"290","atâ€¦"
"291","atâ€¦"
"292","patriotâ€¦"
"293","â€¦"
"294","â€¦"
"295","outâ€¦"
"296","â€¦"
"297","hâ€¦"
"298","â€¦"
"299","â€¦"
"300","helâ€¦"
"301","fightâ€¦"
"302","pâ€¦"
"303","atâ€¦"
"304","gtâ€¦"
"305","atâ€¦"
"306","pâ€¦"
"307","atâ€¦"
"308","atâ€¦"
"309","atâ€¦"
"310","patâ€¦"
"311","atâ€¦"
"312","atâ€¦"
"313","â€¦"
"314","atâ€¦"
"315","atâ€¦"
"316","fâ€¦"
"317","oâ€¦"
"318","sâ€¦"
"319","joâ€¦"
"320","ampâ€¦"
"321","â€¦"
"322","atâ€¦"
"323","atâ€¦"
"324","atâ€¦"
"325","atâ€¦"
"326","patrioâ€¦"
"327","atâ€¦"
"328","atâ€¦"
"329","patriâ€¦"
"330","râ€¦"
"331","atâ€¦"
"332","atâ€¦"
"333","atâ€¦"
"334","atâ€¦"
"335","atâ€¦"
"336","atâ€¦"
"337","paâ€¦"
"338","patriotâ€¦"
"339","â€¦"
"340","atâ€¦"
"341","atâ€¦"
"342","atâ€¦"
"343","reâ€¦"
"344","atâ€¦"
"345","atâ€¦"
"346","atâ€¦"
"347","recruitiâ€¦"
"348","â€¦"
"349","â€¦"
"350","â€¦"
"351","â€¦"
"352","atâ€¦"
"353","patrioâ€¦"
"354","atâ€¦"
"355","oâ€¦"
"356","fiâ€¦"
"357","atâ€¦"
"358","â€¦"
"359","atâ€¦"
"360","atâ€¦"
"361","atâ€¦"
"362","atâ€¦"
"363","atâ€¦"
"364","cenâ€¦"
"365","centâ€¦"
"366","atâ€¦"
"367","atâ€¦"
"368","â€¦"
"369","atâ€¦"
"370","atâ€¦"
"371","atâ€¦"
"372","armâ€¦"
"373","atâ€¦"
"374","atâ€¦"
"375","atâ€¦"
"376","atâ€¦"
"377","râ€¦"
"378","atâ€¦"
"379","atâ€¦"
"380","atâ€¦"
"381","#constitutioâ€¦"
"382","atâ€¦"
"383","atâ€¦"
"384","atâ€¦"
"385","jâ€¦"
"386","sigâ€¦"
"387","â€¦"
"388","â€¦"
"389","atâ€¦"
"390","atâ€¦"
"391","â€¦"
"392","ladiesâ€¦"
"393","patriâ€¦"
"394","atâ€¦"
"395","atâ€¦"
"396","atâ€¦"
"397","atâ€¦"
"398","joinâ€¦"
"399","atâ€¦"
"400","atâ€¦"
"401","atâ€¦"
"402","atâ€¦"
"403","sâ€¦"
"404","atâ€¦"
"405","atâ€¦"
"406","â€¦"
"407","sâ€¦"
"408","eâ€¦"
"409","patâ€¦"
"410","eâ€¦"
"411","sâ€¦"
"412","atâ€¦"
"413","atâ€¦"
"414","atâ€¦"
"415","atâ€¦"
"416","atâ€¦"
"417","atâ€¦"
"418","atâ€¦"
"419","atâ€¦"
"420","atâ€¦"
"421","joinâ€¦"
"422","recruiâ€¦"
"423","atâ€¦"
"424","atâ€¦"
"425","atâ€¦"
"426","gtâ€¦"
"427","atâ€¦"
"428","joiâ€¦"
"429","aâ€¦"
"430","atâ€¦"
"431","â€¦"
"432","uâ€¦"
"433","atâ€¦"
"434","atâ€¦"
"435","atâ€¦"
"436","â€¦"
"437","atâ€¦"
"438","constitutiâ€¦"
"439","atâ€¦"
"440","â€¦"
"441","patrâ€¦"
"442","usâ€¦"
"443","â€¦"
"444","â€¦"
"445","#usfâ€¦"
"446","â€¦"
"447","atâ€¦"
"448","staâ€¦"
"449","atâ€¦"
"450","atâ€¦"
"451","atâ€¦"
"452","â€¦"
"453","atâ€¦"
"454","recruâ€¦"
"455","jâ€¦"
"456","â€¦"
"457","atâ€¦"
"458","atâ€¦"
"459","atâ€¦"
"460","atâ€¦"
"461","pâ€¦"
"462","ameriâ€¦"
"463","paâ€¦"
"464","atâ€¦"
"465","â€¦"
"466","atâ€¦"
"467","atâ€¦"
"468","â€¦"
"469","staâ€¦"
"470","theâ€¦"
"471","patriâ€¦"
"472","atâ€¦"
"473","atâ€¦"
"474","â€¦"
"475","meetâ€¦"
"476","joâ€¦"
"477","atâ€¦"
"478","atâ€¦"
"479","atâ€¦"
"480","jâ€¦"
"481","atâ€¦"
"482","atâ€¦"
"483","atâ€¦"
"484","atâ€¦"
"485","â€¦"
"486","â€¦"
"487","atâ€¦"
"488","atâ€¦"
"489","pâ€¦"
"490","atâ€¦"
"491","atâ€¦"
"492","gtâ€¦"
"493","atâ€¦"
"494","pâ€¦"
"495","atâ€¦"
"496","atâ€¦"
"497","patâ€¦"
"498","atâ€¦"
"499","atâ€¦"
"500","atâ€¦"
"501","â€¦"
"502","atâ€¦"
"503","fâ€¦"
"504","sâ€¦"
"505","oâ€¦"
"506","atâ€¦"
"507","atâ€¦"
"508","joâ€¦"
"509","â€¦"
"510","ampâ€¦"
"511","atâ€¦"
"512","patrioâ€¦"
"513","atâ€¦"
"514","atâ€¦"
"515","râ€¦"
"516","atâ€¦"
"517","patriâ€¦"
"518","atâ€¦"
"519","atâ€¦"
"520","atâ€¦"
"521","atâ€¦"
"522","atâ€¦"
"523","atâ€¦"
"524","paâ€¦"
"525","patriotâ€¦"
"526","â€¦"
"527","atâ€¦"
"528","atâ€¦"
"529","atâ€¦"
"530","atâ€¦"
"531","atâ€¦"
"532","reâ€¦"
"533","atâ€¦"
"534","â€¦"
"535","recruitiâ€¦"
"536","â€¦"
"537","â€¦"
"538","â€¦"
"539","atâ€¦"
"540","patrioâ€¦"
"541","atâ€¦"
"542","â€¦"
"543","fiâ€¦"
"544","atâ€¦"
"545","oâ€¦"
"546","atâ€¦"
"547","atâ€¦"
"548","atâ€¦"
"549","atâ€¦"
"550","atâ€¦"
"551","cenâ€¦"
"552","centâ€¦"
"553","atâ€¦"
"554","atâ€¦"
"555","â€¦"
"556","atâ€¦"
"557","atâ€¦"
"558","atâ€¦"
"559","armâ€¦"
"560","atâ€¦"
"561","atâ€¦"
"562","atâ€¦"
"563","atâ€¦"
"564","râ€¦"
"565","atâ€¦"
"566","atâ€¦"
"567","atâ€¦"
"568","#constitutioâ€¦"
"569","atâ€¦"
"570","â€¦"
"571","â€¦"
"572","â€¦"
"573","patâ€¦"
"574","â€¦"
"575","armâ€¦"
"576","sigâ€¦"
"577","â€¦"
"578","jâ€¦"
"579","â€¦"
"580","atâ€¦"
"581","atâ€¦"
"582","â€¦"
"583","ladiesâ€¦"
"584","patriâ€¦"
"585","atâ€¦"
"586","atâ€¦"
"587","atâ€¦"
"588","atâ€¦"
"589","joinâ€¦"
"590","atâ€¦"
"591","atâ€¦"
"592","atâ€¦"
"593","atâ€¦"
"594","sâ€¦"
"595","sâ€¦"
"596","atâ€¦"
"597","â€¦"
"598","atâ€¦"
"599","eâ€¦"
"600","patâ€¦"
"601","eâ€¦"
"602","atâ€¦"
"603","sâ€¦"
"604","atâ€¦"
"605","atâ€¦"
"606","atâ€¦"
"607","atâ€¦"
"608","atâ€¦"
"609","atâ€¦"
"610","atâ€¦"
"611","atâ€¦"
"612","recruiâ€¦"
"613","joinâ€¦"
"614","atâ€¦"
"615","atâ€¦"
"616","atâ€¦"
"617","atâ€¦"
"618","gtâ€¦"
"619","joiâ€¦"
"620","â€¦"
"621","atâ€¦"
"622","aâ€¦"
"623","uâ€¦"
"624","atâ€¦"
"625","atâ€¦"
"626","â€¦"
"627","â€¦"
"628","#usfâ€¦"
"629","â€¦"
"630","â€¦"
"631","â€¦"
"632","â€¦"
"633","â€¦"
"634","orâ€¦"
"635","â€¦"
"636","â€¦"
"637","thâ€¦"
"638","atâ€¦"
"639","atâ€¦"
"640","atâ€¦"
"641","staâ€¦"
"642","recruâ€¦"
"643","â€¦"
"644","jâ€¦"
"645","atâ€¦"
"646","atâ€¦"
"647","atâ€¦"
"648","atâ€¦"
"649","â€¦"
"650","atâ€¦"
"651","ameriâ€¦"
"652","pâ€¦"
"653","paâ€¦"
"654","atâ€¦"
"655","â€¦"
"656","atâ€¦"
"657","atâ€¦"
"658","theâ€¦"
"659","patriâ€¦"
"660","atâ€¦"
"661","atâ€¦"
"662","patrioâ€¦"
"663","atâ€¦"
"664","atâ€¦"
"665","atâ€¦"
"666","atâ€¦"
"667","atâ€¦"
"668","joâ€¦"
"669","atâ€¦"
"670","â€¦"
"671","jâ€¦"
"672","atâ€¦"
"673","atâ€¦"
"674","atâ€¦"
"675","atâ€¦"
"676","pâ€¦"
"677","atâ€¦"
"678","atâ€¦"
"679","gtâ€¦"
"680","pâ€¦"
"681","atâ€¦"
"682","atâ€¦"
"683","atâ€¦"
"684","â€¦"
"685","patâ€¦"
"686","sâ€¦"
"687","â€¦"
"688","â€¦"
"689","â€¦"
"690","â€¦"
"691","â€¦"
"692","atâ€¦"
"693","atâ€¦"
"694","â€¦"
"695","atâ€¦"
"696","atâ€¦"
"697","fâ€¦"
"698","sâ€¦"
"699","oâ€¦"
"700","joâ€¦"
"701","ampâ€¦"
"702","atâ€¦"
"703","atâ€¦"
"704","â€¦"
"705","patrioâ€¦"
"706","atâ€¦"
"707","atâ€¦"
"708","atâ€¦"
"709","patriâ€¦"
"710","râ€¦"
"711","atâ€¦"
"712","atâ€¦"
"713","atâ€¦"
"714","atâ€¦"
"715","atâ€¦"
"716","atâ€¦"
"717","atâ€¦"
"718","patriotâ€¦"
"719","paâ€¦"
"720","â€¦"
"721","atâ€¦"
"722","atâ€¦"
"723","atâ€¦"
"724","atâ€¦"
"725","reâ€¦"
"726","atâ€¦"
"727","atâ€¦"
"728","â€¦"
"729","recruitiâ€¦"
"730","â€¦"
"731","â€¦"
"732","â€¦"
"733","patrioâ€¦"
"734","atâ€¦"
"735","atâ€¦"
"736","fiâ€¦"
"737","atâ€¦"
"738","â€¦"
"739","oâ€¦"
"740","atâ€¦"
"741","atâ€¦"
"742","atâ€¦"
"743","atâ€¦"
"744","cenâ€¦"
"745","atâ€¦"
"746","centâ€¦"
"747","atâ€¦"
"748","atâ€¦"
"749","â€¦"
"750","atâ€¦"
"751","atâ€¦"
"752","atâ€¦"
"753","armâ€¦"
"754","atâ€¦"
"755","atâ€¦"
"756","atâ€¦"
"757","atâ€¦"
"758","râ€¦"
"759","atâ€¦"
"760","atâ€¦"
"761","atâ€¦"
"762","#constitutioâ€¦"
"763","atâ€¦"
"764","atâ€¦"
"765","atâ€¦"
"766","jâ€¦"
"767","â€¦"
"768","sigâ€¦"
"769","â€¦"
"770","atâ€¦"
"771","atâ€¦"
"772","â€¦"
"773","ladiesâ€¦"
"774","patriâ€¦"
"775","atâ€¦"
"776","atâ€¦"
"777","atâ€¦"
"778","atâ€¦"
"779","joinâ€¦"
"780","atâ€¦"
"781","atâ€¦"
"782","atâ€¦"
"783","atâ€¦"
"784","atâ€¦"
"785","sâ€¦"
"786","sâ€¦"
"787","atâ€¦"
"788","â€¦"
"789","eâ€¦"
"790","patâ€¦"
"791","eâ€¦"
"792","atâ€¦"
"793","atâ€¦"
"794","sâ€¦"
"795","atâ€¦"
"796","atâ€¦"
"797","atâ€¦"
"798","atâ€¦"
"799","atâ€¦"
"800","atâ€¦"
"801","atâ€¦"
"802","joinâ€¦"
"803","recruiâ€¦"
"804","atâ€¦"
"805","atâ€¦"
"806","atâ€¦"
"807","atâ€¦"
"808","gtâ€¦"
"809","joiâ€¦"
"810","aâ€¦"
"811","â€¦"
"812","atâ€¦"
"813","uâ€¦"
"814","atâ€¦"
"815","atâ€¦"
"816","â€¦"
"817","â€¦"
"818","â€¦"
"819","â€¦"
"820","â€¦"
"821","ampâ€¦"
"822","â€¦"
"823","patrâ€¦"
"824","paâ€¦"
"825","â€¦"
"826","â€¦"
"827","ampâ€¦"
"828","â€¦"
"829","â€¦"
"830","ampâ€¦"
"831","atâ€¦"
"832","staâ€¦"
"833","atâ€¦"
"834","atâ€¦"
"835","jâ€¦"
"836","â€¦"
"837","recruâ€¦"
"838","atâ€¦"
"839","atâ€¦"
"840","atâ€¦"
"841","atâ€¦"
"842","atâ€¦"
"843","â€¦"
"844","ameriâ€¦"
"845","pâ€¦"
"846","atâ€¦"
"847","paâ€¦"
"848","â€¦"
"849","atâ€¦"
"850","atâ€¦"
"851","atâ€¦"
"852","atâ€¦"
"853","theâ€¦"
"854","patriâ€¦"
"855","atâ€¦"
"856","atâ€¦"
"857","meetâ€¦"
"858","atâ€¦"
"859","atâ€¦"
"860","jâ€¦"
"861","atâ€¦"
"862","atâ€¦"
"863","â€¦"
"864","atâ€¦"
"865","atâ€¦"
"866","atâ€¦"
"867","atâ€¦"
"868","â€¦"
"869","â€¦"
"870","â€¦"
"871","â€¦"
"872","â€¦"
"873","â€¦"
"874","â€¦"
"875","constitutioâ€¦"
"876","â€¦"
"877","pâ€¦"
"878","atâ€¦"
"879","â€¦"
"880","atâ€¦"
"881","gtâ€¦"
"882","atâ€¦"
"883","pâ€¦"
"884","atâ€¦"
"885","atâ€¦"
"886","patâ€¦"
"887","atâ€¦"
"888","atâ€¦"
"889","atâ€¦"
"890","â€¦"
"891","atâ€¦"
"892","fâ€¦"
"893","oâ€¦"
"894","sâ€¦"
"895","joâ€¦"
"896","atâ€¦"
"897","ampâ€¦"
"898","â€¦"
"899","atâ€¦"
"900","patrioâ€¦"
"901","atâ€¦"
"902","atâ€¦"
"903","atâ€¦"
"904","patriâ€¦"
"905","râ€¦"
"906","atâ€¦"
"907","atâ€¦"
"908","atâ€¦"
"909","atâ€¦"
"910","atâ€¦"
"911","atâ€¦"
"912","atâ€¦"
"913","paâ€¦"
"914","patriotâ€¦"
"915","â€¦"
"916","atâ€¦"
"917","atâ€¦"
"918","atâ€¦"
"919","atâ€¦"
"920","reâ€¦"
"921","atâ€¦"
"922","atâ€¦"
"923","â€¦"
"924","recruitiâ€¦"
"925","â€¦"
"926","â€¦"
"927","â€¦"
"928","atâ€¦"
"929","patrioâ€¦"
"930","atâ€¦"
"931","â€¦"
"932","oâ€¦"
"933","atâ€¦"
"934","fiâ€¦"
"935","atâ€¦"
"936","atâ€¦"
"937","atâ€¦"
"938","atâ€¦"
"939","atâ€¦"
"940","cenâ€¦"
"941","centâ€¦"
"942","atâ€¦"
"943","atâ€¦"
"944","â€¦"
"945","atâ€¦"
"946","atâ€¦"
"947","atâ€¦"
"948","armâ€¦"
"949","atâ€¦"
"950","atâ€¦"
"951","atâ€¦"
"952","atâ€¦"
"953","râ€¦"
"954","atâ€¦"
"955","atâ€¦"
"956","atâ€¦"
"957","#constitutioâ€¦"
"958","atâ€¦"
"959","atâ€¦"
"960","atâ€¦"
"961","â€¦"
"962","jâ€¦"
"963","sigâ€¦"
"964","â€¦"
"965","atâ€¦"
"966","atâ€¦"
"967","â€¦"
"968","ladiesâ€¦"
"969","patriâ€¦"
"970","atâ€¦"
"971","atâ€¦"
"972","atâ€¦"
"973","atâ€¦"
"974","joinâ€¦"
"975","atâ€¦"
"976","atâ€¦"
"977","atâ€¦"
"978","atâ€¦"
"979","sâ€¦"
"980","atâ€¦"
"981","atâ€¦"
"982","sâ€¦"
"983","â€¦"
"984","eâ€¦"
"985","patâ€¦"
"986","eâ€¦"
"987","sâ€¦"
"988","atâ€¦"
"989","atâ€¦"
"990","atâ€¦"
"991","atâ€¦"
"992","atâ€¦"
"993","atâ€¦"
"994","atâ€¦"
"995","atâ€¦"
"996","atâ€¦"
"997","recruiâ€¦"
"998","joinâ€¦"
"999","atâ€¦"
"1000","atâ€¦"
"1001","gtâ€¦"
"1002","atâ€¦"
"1003","atâ€¦"
"1004","joiâ€¦"
"1005","aâ€¦"
"1006","â€¦"
"1007","atâ€¦"
"1008","uâ€¦"
"1009","atâ€¦"
"1010","atâ€¦"
"1011","atâ€¦"
"1012","staâ€¦"
"1013","atâ€¦"
"1014","atâ€¦"
"1015","â€¦"
"1016","recruâ€¦"
"1017","jâ€¦"
"1018","atâ€¦"
"1019","â€¦"
"1020","atâ€¦"
"1021","atâ€¦"
"1022","atâ€¦"
"1023","atâ€¦"
"1024","ameriâ€¦"
"1025","pâ€¦"
"1026","atâ€¦"
"1027","paâ€¦"
"1028","â€¦"
"1029","â€¦"
"1030","â€¦"
"1031","â€¦"
"1032","gâ€¦"
"1033","withâ€¦"
"1034","sâ€¦"
"1035","â€¦"
"1036","uâ€¦"
"1037","â€¦"
"1038","â€¦"
"1039","oâ€¦"
"1040","ampâ€¦"
"1041","atâ€¦"
"1042","atâ€¦"
"1043","â€¦"
"1044","jâ€¦"
"1045","atâ€¦"
"1046","atâ€¦"
"1047","atâ€¦"
"1048","atâ€¦"
"1049","atâ€¦"
"1050","pâ€¦"
"1051","aâ€¦"
"1052","atâ€¦"
"1053","â€¦"
"1054","â€¦"
"1055","armyâ€¦"
"1056","ourâ€¦"
"1057","uâ€¦"
"1058","â€¦"
"1059","helâ€¦"
"1060","gâ€¦"
"1061","â€¦"
"1062","ampâ€¦"
"1063","â€¦"
"1064","elâ€¦"
"1065","atâ€¦"
"1066","atâ€¦"
"1067","patâ€¦"
"1068","atâ€¦"
"1069","atâ€¦"
"1070","atâ€¦"
"1071","â€¦"
"1072","atâ€¦"
"1073","fâ€¦"
"1074","sâ€¦"
"1075","oâ€¦"
"1076","â€¦"
"1077","atâ€¦"
"1078","joâ€¦"
"1079","atâ€¦"
"1080","ampâ€¦"
"1081","atâ€¦"
"1082","atâ€¦"
"1083","patrioâ€¦"
"1084","atâ€¦"
"1085","râ€¦"
"1086","atâ€¦"
"1087","patriâ€¦"
"1088","atâ€¦"
"1089","atâ€¦"
"1090","atâ€¦"
"1091","atâ€¦"
"1092","atâ€¦"
"1093","atâ€¦"
"1094","paâ€¦"
"1095","patriotâ€¦"
"1096","â€¦"
"1097","atâ€¦"
"1098","atâ€¦"
"1099","atâ€¦"
"1100","reâ€¦"
"1101","atâ€¦"
"1102","atâ€¦"
"1103","atâ€¦"
"1104","â€¦"
"1105","recruitiâ€¦"
"1106","â€¦"
"1107","â€¦"
"1108","â€¦"
"1109","patrioâ€¦"
"1110","atâ€¦"
"1111","atâ€¦"
"1112","oâ€¦"
"1113","fiâ€¦"
"1114","â€¦"
"1115","atâ€¦"
"1116","atâ€¦"
"1117","atâ€¦"
"1118","atâ€¦"
"1119","atâ€¦"
"1120","cenâ€¦"
"1121","atâ€¦"
"1122","centâ€¦"
"1123","atâ€¦"
"1124","atâ€¦"
"1125","â€¦"
"1126","atâ€¦"
"1127","atâ€¦"
"1128","atâ€¦"
"1129","armâ€¦"
"1130","atâ€¦"
"1131","atâ€¦"
"1132","atâ€¦"
"1133","atâ€¦"
"1134","râ€¦"
"1135","atâ€¦"
"1136","atâ€¦"
"1137","atâ€¦"
"1138","#constitutioâ€¦"
"1139","atâ€¦"
"1140","atâ€¦"
"1141","atâ€¦"
"1142","sigâ€¦"
"1143","jâ€¦"
"1144","â€¦"
"1145","â€¦"
"1146","atâ€¦"
"1147","atâ€¦"
"1148","â€¦"
"1149","ladiesâ€¦"
"1150","patriâ€¦"
"1151","atâ€¦"
"1152","atâ€¦"
"1153","atâ€¦"
"1154","atâ€¦"
"1155","atâ€¦"
"1156","joinâ€¦"
"1157","atâ€¦"
"1158","atâ€¦"
"1159","atâ€¦"
"1160","sâ€¦"
"1161","atâ€¦"
"1162","atâ€¦"
"1163","â€¦"
"1164","sâ€¦"
"1165","eâ€¦"
"1166","atâ€¦"
"1167","â€¦"
"1168","patâ€¦"
"1169","atâ€¦"
"1170","eâ€¦"
"1171","atâ€¦"
"1172","â€¦"
"1173","sâ€¦"
"1174","atâ€¦"
"1175","atâ€¦"
"1176","ampâ€¦"
"1177","joiâ€¦"
"1178","atâ€¦"
"1179","atâ€¦"
"1180","atâ€¦"
"1181","atâ€¦"
"1182","atâ€¦"
"1183","atâ€¦"
"1184","atâ€¦"
"1185","atâ€¦"
"1186","atâ€¦"
"1187","atâ€¦"
"1188","recruiâ€¦"
"1189","joinâ€¦"
"1190","atâ€¦"
"1191","atâ€¦"
"1192","atâ€¦"
"1193","gtâ€¦"
"1194","atâ€¦"
"1195","joiâ€¦"
"1196","aâ€¦"
"1197","atâ€¦"
"1198","â€¦"
"1199","uâ€¦"
"1200","atâ€¦"
"1201","atâ€¦"
"1202","atâ€¦"
"1203","atâ€¦"
"1204","staâ€¦"
"1205","atâ€¦"
"1206","atâ€¦"
"1207","â€¦"
"1208","recruâ€¦"
"1209","jâ€¦"
"1210","atâ€¦"
"1211","atâ€¦"
"1212","â€¦"
"1213","atâ€¦"
"1214","atâ€¦"
"1215","ameriâ€¦"
"1216","pâ€¦"
"1217","paâ€¦"
"1218","atâ€¦"
"1219","â€¦"
"1220","atâ€¦"
"1221","â€¦"
"1222","â€¦"
"1223","â€¦"
"1224","siâ€¦"
"1225","atâ€¦"
"1226","â€¦"
"1227","atâ€¦"
"1228","â€¦"
"1229","jâ€¦"
"1230","atâ€¦"
"1231","atâ€¦"
"1232","atâ€¦"
"1233","atâ€¦"
"1234","â€¦"
"1235","â€¦"
"1236","usâ€¦"
"1237","â€¦"
"1238","â€¦"
"1239","â€¦"
"1240","pâ€¦"
"1241","atâ€¦"
"1242","atâ€¦"
"1243","â€¦"
"1244","gtâ€¦"
"1245","atâ€¦"
"1246","atâ€¦"
"1247","patâ€¦"
"1248","atâ€¦"
"1249","atâ€¦"
"1250","â€¦"
"1251","atâ€¦"
"1252","atâ€¦"
"1253","sâ€¦"
"1254","oâ€¦"
"1255","fâ€¦"
"1256","ampâ€¦"
"1257","â€¦"
"1258","atâ€¦"
"1259","joâ€¦"
"1260","atâ€¦"
"1261","atâ€¦"
"1262","atâ€¦"
"1263","patrioâ€¦"
"1264","atâ€¦"
"1265","patriâ€¦"
"1266","râ€¦"
"1267","atâ€¦"
"1268","atâ€¦"
"1269","atâ€¦"
"1270","atâ€¦"
"1271","atâ€¦"
"1272","atâ€¦"
"1273","atâ€¦"
"1274","paâ€¦"
"1275","patriotâ€¦"
"1276","â€¦"
"1277","atâ€¦"
"1278","atâ€¦"
"1279","atâ€¦"
"1280","reâ€¦"
"1281","atâ€¦"
"1282","atâ€¦"
"1283","atâ€¦"
"1284","â€¦"
"1285","â€¦"
"1286","recruitiâ€¦"
"1287","â€¦"
"1288","patrioâ€¦"
"1289","â€¦"
"1290","atâ€¦"
"1291","atâ€¦"
"1292","â€¦"
"1293","oâ€¦"
"1294","fiâ€¦"
"1295","atâ€¦"
"1296","atâ€¦"
"1297","atâ€¦"
"1298","atâ€¦"
"1299","atâ€¦"
"1300","cenâ€¦"
"1301","atâ€¦"
"1302","centâ€¦"
"1303","atâ€¦"
"1304","atâ€¦"
"1305","â€¦"
"1306","atâ€¦"
"1307","atâ€¦"
"1308","atâ€¦"
"1309","armâ€¦"
"1310","atâ€¦"
"1311","atâ€¦"
"1312","atâ€¦"
"1313","atâ€¦"
"1314","râ€¦"
"1315","atâ€¦"
"1316","atâ€¦"
"1317","atâ€¦"
"1318","#constitutioâ€¦"
"1319","atâ€¦"
"1320","jâ€¦"
"1321","atâ€¦"
"1322","atâ€¦"
"1323","sigâ€¦"
"1324","â€¦"
"1325","â€¦"
"1326","atâ€¦"
"1327","atâ€¦"
"1328","â€¦"
"1329","ladiesâ€¦"
"1330","patriâ€¦"
"1331","atâ€¦"
"1332","atâ€¦"
"1333","atâ€¦"
"1334","atâ€¦"
"1335","atâ€¦"
"1336","joinâ€¦"
"1337","atâ€¦"
"1338","atâ€¦"
"1339","atâ€¦"
"1340","sâ€¦"
"1341","â€¦"
"1342","atâ€¦"
"1343","atâ€¦"
"1344","sâ€¦"
"1345","eâ€¦"
"1346","atâ€¦"
"1347","â€¦"
"1348","patâ€¦"
"1349","â€¦"
"1350","eâ€¦"
"1351","atâ€¦"
"1352","atâ€¦"
"1353","sâ€¦"
"1354","atâ€¦"
"1355","atâ€¦"
"1356","ampâ€¦"
"1357","joiâ€¦"
"1358","atâ€¦"
"1359","atâ€¦"
"1360","atâ€¦"
"1361","atâ€¦"
"1362","atâ€¦"
"1363","atâ€¦"
"1364","atâ€¦"
"1365","atâ€¦"
"1366","atâ€¦"
"1367","atâ€¦"
"1368","recruiâ€¦"
"1369","joinâ€¦"
"1370","atâ€¦"
"1371","atâ€¦"
"1372","gtâ€¦"
"1373","atâ€¦"
"1374","atâ€¦"
"1375","joiâ€¦"
"1376","aâ€¦"
"1377","atâ€¦"
"1378","â€¦"
"1379","uâ€¦"
"1380","joâ€¦"
"1381","atâ€¦"
"1382","sâ€¦"
"1383","atâ€¦"
"1384","patriâ€¦"
"1385","atâ€¦"
"1386","atâ€¦"
"1387","atâ€¦"
"1388","â€¦"
"1389","jâ€¦"
"1390","atâ€¦"
"1391","atâ€¦"
"1392","atâ€¦"
"1393","atâ€¦"
"1394","atâ€¦"
"1395","atâ€¦"
"1396","â€¦"
"1397","atâ€¦"
"1398","staâ€¦"
"1399","atâ€¦"
"1400","atâ€¦"
"1401","atâ€¦"
"1402","recruâ€¦"
"1403","jâ€¦"
"1404","â€¦"
"1405","atâ€¦"
"1406","â€¦"
"1407","atâ€¦"
"1408","atâ€¦"
"1409","atâ€¦"
"1410","ameriâ€¦"
"1411","pâ€¦"
"1412","paâ€¦"
"1413","atâ€¦"
"1414","â€¦"
"1415","atâ€¦"
"1416","atâ€¦"
"1417","atâ€¦"
"1418","â"
"1419","atâ€¦"
"1420","meetâ€¦"
"1421","atâ€¦"
"1422","atâ€¦"
"1423","atâ€¦"
"1424","atâ€¦"
"1425","â€¦"
"1426","atâ€¦"
"1427","atâ€¦"
"1428","atâ€¦"
"1429","atâ€¦"
"1430","atâ€¦"
"1431","atâ€¦"
"1432","atâ€¦"
"1433","joâ€¦"
"1434","tâ€¦"
"1435","â€¦"
"1436","â€¦"
"1437","â€¦"
"1438","â€¦"
"1439","â€¦"
"1440","atâ€¦"
"1441","pâ€¦"
"1442","â€¦"
"1443","joâ€¦"
"1444","atâ€¦"
"1445","pâ€¦"
"1446","atâ€¦"
"1447","gtâ€¦"
"1448","atâ€¦"
"1449","atâ€¦"
"1450","atâ€¦"
"1451","atâ€¦"
"1452","joâ€¦"
"1453","ampâ€¦"
"1454","atâ€¦"
"1455","â€¦"
"1456","patrioâ€¦"
"1457","atâ€¦"
"1458","atâ€¦"
"1459","atâ€¦"
"1460","râ€¦"
"1461","patriâ€¦"
"1462","atâ€¦"
"1463","atâ€¦"
"1464","atâ€¦"
"1465","atâ€¦"
"1466","atâ€¦"
"1467","atâ€¦"
"1468","atâ€¦"
"1469","paâ€¦"
"1470","patriotâ€¦"
"1471","â€¦"
"1472","atâ€¦"
"1473","atâ€¦"
"1474","atâ€¦"
"1475","reâ€¦"
"1476","atâ€¦"
"1477","atâ€¦"
"1478","atâ€¦"
"1479","recruitiâ€¦"
"1480","â€¦"
"1481","â€¦"
"1482","â€¦"
"1483","atâ€¦"
"1484","â€¦"
"1485","patrioâ€¦"
"1486","atâ€¦"
"1487","oâ€¦"
"1488","atâ€¦"
"1489","fiâ€¦"
"1490","â€¦"
"1491","atâ€¦"
"1492","atâ€¦"
"1493","atâ€¦"
"1494","atâ€¦"
"1495","cenâ€¦"
"1496","atâ€¦"
"1497","centâ€¦"
"1498","atâ€¦"
"1499","atâ€¦"
"1500","â€¦"
"1501","atâ€¦"
"1502","atâ€¦"
"1503","atâ€¦"
"1504","armâ€¦"
"1505","atâ€¦"
"1506","atâ€¦"
"1507","atâ€¦"
"1508","atâ€¦"
"1509","râ€¦"
"1510","atâ€¦"
"1511","atâ€¦"
"1512","atâ€¦"
"1513","#constitutioâ€¦"
"1514","atâ€¦"
"1515","â€¦"
"1516","ladiesâ€¦"
"1517","patriâ€¦"
"1518","atâ€¦"
"1519","atâ€¦"
"1520","joinâ€¦"
"1521","atâ€¦"
"1522","sâ€¦"
"1523","atâ€¦"
"1524","eâ€¦"
"1525","patâ€¦"
"1526","eâ€¦"
"1527","atâ€¦"
"1528","atâ€¦"
"1529","sâ€¦"
"1530","atâ€¦"
"1531","atâ€¦"
"1532","atâ€¦"
"1533","atâ€¦"
"1534","atâ€¦"
"1535","atâ€¦"
"1536","atâ€¦"
"1537","recruiâ€¦"
"1538","joinâ€¦"
"1539","atâ€¦"
"1540","atâ€¦"
"1541","atâ€¦"
"1542","atâ€¦"
"1543","gtâ€¦"
"1544","joiâ€¦"
"1545","atâ€¦"
"1546","aâ€¦"
"1547","â€¦"
"1548","uâ€¦"
"1549","atâ€¦"
"1550","#constitutioâ€¦"
"1551","atâ€¦"
"1552","ï½ï½ï½ï½"
"1553","trumpâ€™s"
"1554","â"
"1555","ï½"
"1556","#turntuptuesdayâ¢â€¦"
"1557","losâ€¦"
"1558","â€œculpritsâ€"
"1559","|"
"1560","ï½"
"1561","ï½"
"1562","ï½ï½"
"1563","ï½breakfast"
"1564","ï½champagne"
"1565","ï½"
"1566","ï½"
"1567","ï½ï½"
"1568","ï½breakfast"
"1569","ï½champagne"
"1570","#hiphopâ€¦"
"1571","â¬15"
"1572","murâ€¦"
"1573","speechâï¸â€¦"
"1574","betâ€¦"
"1575","deâ€¦"
"1576","ğÿšthe"
"1577","thejâ€¦"
"1578","mcconnellğÿğÿhome"
"1579","plaâ€¦"
"1580","threateniâ€¦"
"1581","ğÿone"
"1582","ğÿrepkathleenrice"
"1583","youâ€¦"
"1584","letâ€¦"
"1585","johâ€¦"
"1586","ğÿºğÿ¸a"
"1587","âšï¸theres"
"1588","#hillaryâ€¦"
"1589","#ditchmitch202â€¦"
"1590","figâ€¦"
"1591","ğÿºğÿ¸"
"1592","â€¦"
"1593","tâ€¦"
"1594","whâ€¦"
"1595","powerâ€¦"
"1596","thâ€¦"
"1597","ğÿœ´ğÿœ´makecaliforniagreatagain"
"1598","congrâ€¦"
"1599","foreiâ€¦"
"1600","hâ€¦"
"1601","ğÿ˜šâ™¥ï¸another"
"1602","ğÿ¥when"
"1603","groâ€¦"
"1604","threateâ€¦"
"1605","togetheâ€¦"
"1606","peâ€¦"
"1607","theâ€¦"
"1608","â€¦"
"1609","âsecret"
"1610","ï½"
"1611","youâ€™re"
"1612","â€"
"1613","itâ€™ll"
"1614","ğÿºğÿ¸ğÿ™œğÿ"
"1615","ğÿºğÿ¸ğÿğÿusalovegod"
"1616","ğÿâ€¦"
"1617","â€¦"
"1618","priâ€¦"
"1619","ğÿºğÿ¸ğÿ™œğÿ"
"1620","ğÿºğÿ¸ğÿğÿravennightmyst"
"1621","ğÿâ€¦"
"1622","ğÿºğÿ¸ğÿ™œğÿ"
"1623","ğÿºğÿ¸ğÿğÿpeesparkle"
"1624","ğÿâ€¦"
"1625","â€¦"
"1626","ğÿš¨senjohnmccain"
"1627","ğÿºğÿ¸"
"1628","pplğÿš¨â€¦"
"1629","â€¦"
"1630","ğÿš¨so"
"1631","betterğÿš¨â€¦"
"1632","â€¦"
"1633","thâ€¦â€¦"
"1634","ğÿºğÿ¸â€¦"
"1635","ğÿš¨i"
"1636","itğÿš¨â€¦"
"1637","lisamurkowskiâ€¦"
"1638","â€¦"
"1639","msnbcâ€¦"
"1640","â€¦"
"1641","â€¼ï¸mandate"
"1642","itâ€¼ï¸"
"1643","workâ€¦"
"1644","â€¦"
"1645","â€¦"
"1646","ğÿ˜"
"1647","â€¦"
"1648","strongâ€¦"
"1649","â€¦"
"1650","câ€¦"
"1651","â€¦"
"1652","ğÿğÿğÿğÿğÿğÿšğÿšğÿš"
"1653","â€¦"
"1654","ğÿ¥special"
"1655","ğÿ˜â€¦"
"1656","â€¦"
"1657","shoâ€¦"
"1658","clintonâ€™s"
"1659","râ€¦â€¦"
"1660","togâ€¦"
"1661","â€¦"
"1662","â˜ğÿâ˜ğÿ"
"1663","â˜ğÿ¾â˜ğÿ¾"
"1664","bâ€¦"
"1665","â€¦"
"1666","morningâ€¦"
"1667","â€¦"
"1668","itâ€¦"
"1669","â€¦"
"1670","safetyampsecurityâ€¦"
"1671","pasâ€¦"
"1672","potusğÿ¦ğÿºğÿ¸"
"1673","repğÿ¦ğÿºğÿ¸â€¦"
"1674","â€¦"
"1675","doughâ€¦"
"1676","â€¦"
"1677","alinskâ€¦"
"1678","whaâ€¦"
"1679","â€¦"
"1680","â€¦"
"1681","ğÿ¤"
"1682","â€¦"
"1683","makeâ€¦"
"1684","â€¦"
"1685","#magaâ€¦"
"1686","â€¦"
"1687","peopleâ€¦"
"1688","â€¦"
"1689","theyâ€¦"
"1690","â€¦"
"1691","ğÿºğÿ¸subscribe"
"1692","â€¼ï¸"
"1693","candidatesâ€¦"
"1694","â€¦"
"1695","involvedâ€¦â€¦"
"1696","âšï¸ğÿºğÿ¸âšï¸"
"1697","ğÿ¥"
"1698","âšï¸ğÿºğÿ¸âšï¸ğÿ¥"
"1699","#americafirstâ€¦"
"1700","â€¦"
"1701","ğÿºğÿ¸ğÿºğÿ¸ğÿºğÿ¸ğÿºğÿ¸"
"1702","blessingsğÿ"
"1703","ğÿºğÿ¸â¤ï¸ğÿºğÿ¸â€¦â€¦"
"1704","â€¼ï¸our"
"1705","ğÿ™ğÿºğÿ¸ğÿ™presidenttrump"
"1706","ğÿ™ğÿºğÿ¸ğÿ™ğÿºğÿ¸"
"1707","ğÿ™himğÿ™ğÿºğÿ¸ğÿ™"
"1708","â€¦"
"1709","ğÿºğÿ¸uss"
"1710","againâ€¦â€¦"
"1711","makâ€¦"
"1712","â€¦"
"1713","â€¦"
"1714","constituentâ€¦â€¦"
"1715","tâ€¦"
"1716","ğÿºğÿ¸patriots"
"1717","ğÿğÿpersonal"
"1718","coâ€¦"
"1719","â€¦"
"1720","ğÿš¨lets"
"1721","presidentğÿš¨"
"1722","ceâ€¦"
"1723","ğÿ¥hah"
"1724","sonâ€¼ï¸"
"1725","â€¦"
"1726","cancelledboofrickinâ€¦"
"1727","â€¦"
"1728","ğÿš¨this"
"1729","reoffendersğÿš¨"
"1730","â€¦"
"1731","congressâ€¦"
"1732","â€¦"
"1733","â€¦"
"1734","likeâ€¦"
"1735","â€¦"
"1736","wiâ€¦"
"1737","ï½ï½"
"1738","ï½ï½ï½ï½ï½ï½ï½ï½ï½ï½ï½"
"1739","ï½"
"1740","rigâ€¦"
"1741","faâ€¦"
"1742","countrymuâ€¦"
"1743","~"
"1744","â€¦"
"1745","#democraticpartâ€¦"
"1746","wrongâ€¦"
"1747","loaâ€¦"
"1748","disorderğÿ¯"
"1749","aâ€¦"
"1750","dsjohnson195â€¦"
"1751","hillaryâ€¦"
"1752","â€¦"
"1753","weaselâ€¦"
"1754","auâ€¦"
"1755","iâ€¦"
"1756","shâ€¦"
"1757","oâ€¦"
"1758","â€œdomestic"
"1759","threatsâ€"
"1760","â€¦"
"1761","tâ€¦"
"1762","watchingğÿğÿ¼"
"1763","â€¦"
"1764","graduâ€¦"
"1765","cheâ€¦"
"1766","#fâ€¦"
"1767","fâ€¦"
"1768","helpâ€¦"
"1769","woâ€¦"
"1770","â€¦"
"1771","iâ€¦"
"1772","repâ€¦"
"1773","canâ€¦"
"1774","caâ€¦"
"1775","cantâ€¦"
"1776","whiteâ€¦"
"1777","shoâ€¦"
"1778","câ€¦"
"1779","sayinâ€¦"
"1780","peoplâ€¦"
"1781","butâ€¦"
"1782","â€¦"
"1783","kâ€¦"
"1784","peoâ€¦"
"1785","whiteâ€¦"
"1786","flakeğÿ˜"
"1787","yâ€¦"
"1788","antâ€¦"
"1789","whâ€¦"
"1790","canâ€¦"
"1791","canâ€¦"
"1792","#chaâ€¦"
"1793","peopâ€¦"
"1794","whiteâ€¦"
"1795","sayingâ€¦"
"1796","bâ€¦"
"1797","weâ€¦"
"1798","pâ€¦"
"1799","sayingâ€¦"
"1800","tâ€¦"
"1801","hâ€¦"
"1802","sayinâ€¦"
"1803","#dprâ€¦"
"1804","grâ€¦"
"1805","ceâ€¦"
"1806","donâ€¦"
"1807","enâ€¦"
"1808","#fridayfeeâ€¦"
"1809","ğÿš¨"
"1810","#trumpâ€™s"
"1811","managerâ€™s"
"1812","â€¦"
"1813","ğÿš¨ğÿš¨tear"
"1814","releasedğÿš¨ğÿš¨"
"1815","ğÿ¥result"
"1816","ğÿğÿ½infringement"
"1817","â€¦"
"1818","officerğÿ"
"1819","ğÿ™"
"1820","â€¦"
"1821","peopleâ€¦"
"1822","millioâ€¦"
"1823","câ€¦"
"1824","saâ€¦"
"1825","sayingâ€¦"
"1826","sayingâ€¦"
"1827","sayingâ€¦"
"1828","inviâ€¦"
"1829","ğÿ˜"
"1830","#châ€¦"
"1831","trusâ€¦"
"1832","#kkkâ€¦"
"1833","evening~great"
"1834","all~tomorrow"
"1835","on~dinner"
"1836","plans~c"
"1837","sunâ€¦"
"1838","strengthâ€¦"
"1839","theâ€¦"
"1840","ğÿ©â€ğÿšğÿšso"
"1841","ğÿ¥fire"
"1842","ğÿ¥amp"
"1843","ğÿ¨ğÿ¼â€ğÿšğÿš"
"1844","ğÿnk"
"1845","âœï¸fire"
"1846","snowâ€¦"
"1847","growsâ€¦"
"1848","^amp"
"1849","betâ€¦"
"1850","câ€¦"
"1851","immigrâ€¦"
"1852","#pâ€¦"
"1853","fâ€¦"
"1854","eâ€¦"
"1855","senatorsâ€¦"
"1856","investigated~comey"
"1857","hâ€¦"
"1858","#iveâ€¦"
"1859","reâ€¦"
"1860","#stemrelateâ€¦"
"1861","clintonâ€™s"
"1862","iâ€¦"
"1863","letâ€™s"
"1864","neverâ€¦"
"1865","anymoreâ€¦"
"1866","â€œmeek"
"1867","mildâ€"
"1868","islamiâ€¦"
"1869","frâ€¦"
"1870","boomğÿšğÿ"
"1871","touâ€¦"
"1872","largeğÿªğÿ¼â€¼ï¸"
"1873","goğÿ™œğÿ¼ğÿ™œğÿ¼ğÿºğÿ¸ğÿºğÿ¸thank"
"1874","allâ€¦"
"1875","tâ€¦"
"1876","scienceâ€¦"
"1877","â€¦"
"1878","#makingamericagreatagâ€¦"
"1879","#magaâ€¦"
"1880","ğÿweâ€™re"
"1881","2covâ€¦"
"1882","meanwhilâ€¦"
"1883","togetheâ€¦"
"1884","rigâ€¦"
"1885","#firemcmastâ€¦"
"1886","â€¦"
"1887","tâ€¦"
"1888","benghazâ€¦"
"1889","â€¦"
"1890","#charâ€¦"
"1891","ampâ€¦"
"1892","thâ€¦"
"1893","hillaryâ€¦"
"1894","intimidatâ€¦"
"1895","theyâ€™ve"
"1896","â€˜extraterrestrialsâ€™"
"1897","nationsâ"
"1898","arenâ€™t"
"1899","asâ€¦"
"1900","trumpâ€™s"
"1901","hereâ€™s"
"1902","|"
"1903","â€œthisâ€"
"1904","targetedâ€100"
"1905","todayâ"
"1906","censorâ€¦"
"1907","clooneyâ€™s"
"1908","â€œdonâ€™t"
"1909","genocideâ€"
"1910","burnâ"
"1911","~"
"1912","isâ"
"1913","worldâ"
"1914","â€"
"1915","â€˜we"
"1916","crossedâ€¦"
"1917","~"
"1918","â€˜strangeâ€™"
"1919","oâ€™reillyâ€™s"
"1920","â€˜factorâ€™"
"1921","hawaiiâ€™s"
"1922","episodeâ"
"1923","trumpâ€™s"
"1924","nailedâ"
"1925","ï½ï½ï½"
"1926","teethâ€"
"1927","loveï½"
"1928","quoâ€no"
"1929","ï½ï½ï½"
"1930","âï¸httpstco6avt0nq5rnâ¬ï¸"
"1931","ï½ï½"
"1932","govâ€™t"
"1933","isnâ€™t"
"1934","itâ€™s"
"1935","intâ€™l"
"1936","~"
"1937","âï¸"
"1938","beyoncã©"
"1939","bã¼rger"
"1940","loyalitã¤t"
"1941","fã¼r"
"1942","ï½"
"1943","ï½ï½ï½ï½ï½"
"1944","ï½ï½ï½"
"1945","ï½"
"1946","ï½ï½"
"1947","presidentâ€¦"
"1948","commonsâ€my"
"1949","zuckerbergâ€™s"
"1950","â€¦"
"1951","ï½"
"1952","blacâ€¦"
"1953","ï½"
"1954","ï½ï½"
"1955","ï½"
"1956","|season"
"1957","ep5|"
"1958","ï½ï½"
"1959","breakinsï½"
"1960","â€¢"
"1961","â€¢"
"1962","ğÿ˜"
"1963","ï½ï½ï½"
"1964","projectâ€¦"
"1965","ğÿ¦engagement"
"1966","treacheryğÿğÿ¾"
"1967","ğÿ˜ğÿ˜ğÿ˜"
"1968","ğÿ¤"
"1969","beyoncã©s"
"1970","ğÿğÿšğÿ"
"1971","âcrystal1johnson"
"1972","ğÿ˜š"
"1973","â€"
"1974","ğÿœ"
"1975","ğÿšğÿ¾"
"1976","âhotnewhiphop"
"1977","âthevoicenewsâ"
"1978","manchesterâ€™s"
"1979","â˜ºï¸â˜ºï¸â˜ºï¸â˜ºï¸"
"1980","âallblackmedia"
"1981","monã©t"
"1982","â€"
"1983","monã©tâ"
"1984","ğÿ˜"
"1985","decisionğÿ"
"1986","â€˜that"
"1987","illegalâ€™"
"1988","â€˜fox"
"1989","friendsâ€™"
"1990","justiceâ€this"
"1991","ğÿ˜³"
"1992","ğÿ˜£"
"1993","http://t.co/da1uqopa8l"
"1994","|"
"1995","ğÿ˜"
"1996","ğÿ™"
"1997","â€¦"
"1998","morã¨"
"1999","ğÿ˜©ğÿ˜­ğÿ˜­ğÿ˜­"
"2000","ğÿºğÿ¸"
"2001","ğÿ"
"2002","ğÿğÿ"
"2003","ğÿmoreğÿ"
"2004","#trumpğÿthen"
"2005","thereâ€™s"
"2006","itâ€™s"
"2007","âhiphopwired"
"2008","â€˜we"
"2009","humanityâ€™"
"2010","â€"
"2011","â€˜big"
"2012","revealâ€™"
"2013","ğğ¾ğ²ğ¾ñğ¸ğ±ğ¸ñ€ñğº"
"2014","ğÿğµñğµğ½ğ½ñğ¹"
"2015","ñğğµñˆğ¼ğ¾ğ±"
"2016","ğœğ˜ğ"
"2017","ğœğ³ğ½ğ¾ğ²ğµğ½ğ½ğ°ñ"
"2018","ğ˜ğ½ğ¸ñğ¸ğ°ñğ¸ğ²ğ°"
"2019","ğñ€ğ°ğğ´ğ°ğ½"
"2020","ğ£ğºñ€ğ°ğ¸ğ½ñğºğ¸ğµ"
"2021","ğ½ğ°ñğ¸ñññ"
"2022","âñğğ¾ğğ½ñƒñâ"
"2023","ğğ±ğµñ€ğ±ğ°ğ½ğº"
"2024","ğ¸"
"2025","ğğ¾ğğ¾ğ²ñƒñ"
"2026","ğ"
"2027","ğ¾ğºñğµğğğµñ€ğ¾ğ²"
"2028","ğÿğ¾ğ´ğºğ¾ğğ°ğµğ²"
"2029","ğ¤ğ¾ñğ¾"
"2030","â€¦"
"2031","â€¦"
"2032","proteâ€¦"
"2033","weaponsâ€¦"
"2034","tâ€¦"
"2035","eâ€¦"
"2036","ğÿºğÿ¸"
"2037","patriotsğÿ"
"2038","â¤ï¸ğÿºğÿ¸â¤ï¸supportourtroops"
"2039","ğÿºğÿ¸ğÿ™ğÿºğÿ¸"
"2040","braverâ€¦"
"2041","â€¦"
"2042","iâ€¦"
"2043","sileâ€¦"
"2044","â€¦"
"2045","â€¦"
"2046","â€¦"
"2047","ğÿš¨liberals"
"2048","bâ€¦"
"2049","senatorsâ€¦"
"2050","excuses~we"
"2051","togâ€¦"
"2052","â€œclear"
"2053","unambiguousâ€"
"2054","tâ€¦"
"2055","reâ€¦"
"2056","â€¦"
"2057","goiâ€¦"
"2058","fâ€¦"
"2059","â€¦"
"2060","â€¦"
"2061","câ€¦"
"2062","â€¦"
"2063","foxğÿğÿ¼"
"2064","haâ€¦"
"2065","pageâ€¦"
"2066","â€¦"
"2067","uâ€¦"
"2068","ciâ€¦"
"2069","dontâ€¦"
"2070","clintonâ€™s"
"2071","iâ€¦"
"2072","cullâ€¦"
"2073","â€¦"
"2074","embarrassmeâ€¦"
"2075","terroâ€¦"
"2076","queâ€¦"
"2077","#charlotâ€¦"
"2078","godğÿºğÿ¸"
"2079","foâ€¦"
"2080","ms13ğÿšğÿºğÿ¸"
"2081","wiâ€¦"
"2082","#chaâ€¦"
"2083","â€¦"
"2084","â€¦"
"2085","ğÿ"
"2086","colombiaâ€™s"
"2087","inâ€¦"
"2088","yoâ€¦"
"2089","crowâ€¦"
"2090","leâ€¦"
"2091","imâ€¦"
"2092","olâ€¦"
"2093","ğÿ¤"
"2094","#chaâ€¦"
"2095","iâ€¦"
"2096","prosecuteâ€¦"
"2097","8â€¦"
"2098","noâ€¦"
"2099","â€¦"
"2100","wiâ€¦"
"2101","ğÿºğÿ¸"
"2102","weâ€¦"
"2103","â€¦"
"2104","agâ€¦"
"2105","barâ€¦"
"2106","timâ€¦"
"2107","imâ€¦"
"2108","â€¦"
"2109","amâ€¦"
"2110","hoâ€¦"
"2111","ğÿğÿ¼"
"2112","â€¦"
"2113","higâ€¦"
"2114","â€¦"
"2115","wrongâ€¦"
"2116","anâ€¦"
"2117","ğÿºğÿ¸"
"2118","doâ€¦"
"2119","suppâ€¦"
"2120","houseampğÿºğÿ¸totallyâ€¦"
"2121","condemâ€¦"
"2122","â€¦"
"2123","â€¦"
"2124","â€¦"
"2125","â€¦"
"2126","burnğÿºğÿ¸flagampriot"
"2127","angerreactiongtviolencesâ€¦"
"2128","condemâ€¦"
"2129","â€¦"
"2130","tonightâ€™s"
"2131","9pmesâ€¦"
"2132","tonightâ€™s"
"2133","â€¦"
"2134","naâ€¦"
"2135","matterâ€¦"
"2136","â€¦"
"2137","â€¦"
"2138","ğÿ"
"2139","lawâ€¦"
"2140","#reâ€¦"
"2141","prayerâ€¦"
"2142","yâ€¦"
"2143","#charlottesvilâ€¦"
"2144","isâ€¦"
"2145","â€¦"
"2146","â€¦"
"2147","#foxnewâ€¦"
"2148","â€¦"
"2149","#fâ€¦"
"2150","manğÿ"
"2151","wantsâ€¦"
"2152","charâ€¦"
"2153","sâ€¦"
"2154","iâ€¦"
"2155","reâ€¦"
"2156","â€¦"
"2157","pâ€¦"
"2158","amâ€¦"
"2159","ceaâ€¦"
"2160","obamâ€¦"
"2161","nevâ€¦"
"2162","ofâ€¦"
"2163","lâ€¦"
"2164","#mâ€¦"
"2165","â€¦"
"2166","â€¦"
"2167","weekâ€¦"
"2168","wâ€¦"
"2169","thâ€¦"
"2170","todayâ€¦"
"2171","nextâ€¦"
"2172","#charâ€¦"
"2173","â€¦"
"2174","ğÿ¯httâ€¦"
"2175","hiâ€¦"
"2176","painâ€¦"
"2177","whâ€¦"
"2178","â€¦"
"2179","protesâ€¦"
"2180","tâ€¦"
"2181","republicaâ€¦"
"2182","â€¦"
"2183","â€¦"
"2184","â€¦"
"2185","ğÿ"
"2186","hâ€¦"
"2187","enoughğÿºğÿ¸ğÿºğÿ¸"
"2188","â€¦"
"2189","â€¦"
"2190","cullâ€¦"
"2191","oâ€¦"
"2192","â€¦"
"2193","bâ€¦"
"2194","stockmonsâ€¦"
"2195","aâ€¦"
"2196","crediblâ€¦"
"2197","â€¦"
"2198","busyâ€¦"
"2199","â€¦"
"2200","aâ€¦"
"2201","â€¦"
"2202","disappâ€¦"
"2203","deeâ€¦"
"2204","â€¦"
"2205","ğÿºğÿ¸"
"2206","curablâ€¦"
"2207","wâ€¦"
"2208","conâ€¦"
"2209","politicsâ€¦"
"2210","âœ"
"2211","â€¦"
"2212","â€¦"
"2213","trumpâ"
"2214","foâ€¦"
"2215","sâ€¦"
"2216","monumentsâ€¦"
"2217","â€¦"
"2218","fâ€¦"
"2219","ğÿ˜³what"
"2220","â€¦"
"2221","â€¦"
"2222","whiâ€¦"
"2223","#masağÿºğÿ¸"
"2224","#masağÿºğÿ¸"
"2225","stâ€¦"
"2226","ğÿ™ğÿ¼ğÿ™ğÿ¼"
"2227","filibusâ€¦"
"2228","â€¦"
"2229","â€¦"
"2230","charâ€¦"
"2231","ropiâ€¦"
"2232","racismâï¸antifa"
"2233","oâ€¦"
"2234","#globalistsâ€¦"
"2235","ğÿ¯ğÿ¯ğÿ¯"
"2236","#repuâ€¦"
"2237","â€¦"
"2238","ğÿ¥apple"
"2239","counâ€¦"
"2240","ameriâ€¦"
"2241","thâ€¦"
"2242","ğÿ"
"2243","strâ€¦"
"2244","911~wannaâ€¦"
"2245","ampâ€¦"
"2246","manâ€¦"
"2247","â€¦"
"2248","#stopdrugâ€¦"
"2249","potusâ€¦"
"2250","undâ€¦"
"2251","crimeâ€¦"
"2252","agâ€¦"
"2253","â€¦"
"2254","actionâ€¦"
"2255","â€¦"
"2256","mentâ€¦"
"2257","seaâ€¦"
"2258","neâ€¦"
"2259","ğÿºğÿ¸wethepeople"
"2260","toâ€¦"
"2261","ğÿºğÿ¸obama"
"2262","dâ€¦"
"2263","â€¦"
"2264","ğÿ¥prediction"
"2265","stokingğÿ¥flames"
"2266","downkinâ€¦"
"2267","likeâ€¦"
"2268","ğÿ¤"
"2269","#doublestâ€¦"
"2270","sorosâ€¦"
"2271","seaâ€¦"
"2272","â€œevery"
"2273","#dosomâ€¦"
"2274","â€¦"
"2275","blackâ€¦"
"2276","republicaâ€¦"
"2277","â€¦"
"2278","ğÿ¾"
"2279","clâ€¦"
"2280","prodâ€¦"
"2281","wherâ€¦"
"2282","lâ€¦"
"2283","diffeâ€¦"
"2284","warnsâ€œtrump"
"2285","canâ€™â€¦"
"2286","â€¦"
"2287","americâ€¦"
"2288","seaâ€¦"
"2289","â€¦"
"2290","yeaâ€¦"
"2291","doâ€¦"
"2292","câ€¦"
"2293","ğÿ"
"2294","ğÿat"
"2295","7â€¦"
"2296","sâ€¦"
"2297","ğÿºğÿ¸"
"2298","beinâ€¦"
"2299","â€¦"
"2300","tougâ€¦"
"2301","himâ€¦"
"2302","ğÿ"
"2303","yeâ€¦"
"2304","iconâ€¦"
"2305","isâ€¦"
"2306","ğÿºğÿ¸"
"2307","celâ€¦"
"2308","knâ€¦"
"2309","wâ€¦"
"2310","violentlyâ€¦"
"2311","reelectioâ€¦"
"2312","ğÿºğÿ¸"
"2313","warriorâ€¦"
"2314","mucâ€¦"
"2315","callâ€¦"
"2316","stanâ€¦"
"2317","areâ€¦"
"2318","seaâ€¦"
"2319","shepnewsteaâ€¦"
"2320","officeğÿ¤"
"2321","â€¦"
"2322","2â€¦"
"2323","#magağÿºğÿ¸"
"2324","#magağÿºğÿ¸"
"2325","dolâ€¦"
"2326","tougâ€¦"
"2327","coâ€¦"
"2328","sâ€¦"
"2329","ğÿ"
"2330","yeâ€¦"
"2331","donâ€¦"
"2332","ğÿš¨"
"2333","sâ€¦"
"2334","feathâ€¦"
"2335","ampâ€¦"
"2336","tâ€¦"
"2337","moâ€¦"
"2338","â€¦"
"2339","sanâ€¦"
"2340","thâ€¦"
"2341","â€¦"
"2342","â€¦"
"2343","ampâ€¦"
"2344","â€¦"
"2345","yeâ€¦"
"2346","â€¦"
"2347","ampâ€¦"
"2348","agâ€¦"
"2349","doâ€¦"
"2350","sileâ€¦"
"2351","reâ€¦"
"2352","inâ€¦"
"2353","wâ€¦"
"2354","ğÿºğÿ¸"
"2355","demâ€¦"
"2356","tweetâ€¦"
"2357","riâ€¦"
"2358","ğÿºğÿ¸usağÿºğÿ¸usağÿºğÿ¸usağÿºğÿ¸usa"
"2359","eâ€¦"
"2360","â€¦"
"2361","peâ€¦"
"2362","togetheâ€¦"
"2363","fromâ€¦"
"2364","ğÿ"
"2365","proâ€¦"
"2366","#trumâ€¦"
"2367","safâ€¦"
"2368","â€¦"
"2369","â€¦"
"2370","ğÿœ"
"2371","debtâ€¦"
"2372","itâ€¦"
"2373","ouâ€¦"
"2374","thaâ€¦"
"2375","imâ€¦"
"2376","budgâ€¦"
"2377","aâ€¦"
"2378","actfoundatiâ€¦"
"2379","crosâ€¦"
"2380","reâ€¦"
"2381","curtishâ€¦"
"2382","râ€¦"
"2383","insâ€¦"
"2384","ğÿ€"
"2385","ğÿ"
"2386","ğÿ¥ğÿµğÿ¦ğÿ"
"2387","payâ€¦"
"2388","enrichâ€¦"
"2389","ğÿ¥hah"
"2390","sâ€¦"
"2391","iâ€¦"
"2392","trumpâ€¼ï¸say"
"2393","nameâ€¼ï¸"
"2394","besâ€¦"
"2395","ğÿš"
"2396","resignaâ€¦"
"2397","ciâ€¦"
"2398","bâ€¦"
"2399","iâ€¦"
"2400","wouâ€¦"
"2401","doâ€¦"
"2402","alâ€¦"
"2403","finalâ€¦"
"2404","checkiâ€¦"
"2405","resideâ€¦"
"2406","â€¦"
"2407","#câ€¦"
"2408","werenâ€¦"
"2409","â€¦"
"2410","sâ€¦"
"2411","âªï¸sympathizes"
"2412","libsğÿœğÿ"
"2413","âªï¸disavows"
"2414","ğÿ±ğÿsupremacist"
"2415","bâ€¦"
"2416","iâ€¦"
"2417","broâ€¦"
"2418","#gâ€¦"
"2419","thaâ€¦"
"2420","#chaâ€¦"
"2421","â€¦"
"2422","stanâ€¦"
"2423","â€¦"
"2424","everyâ€¦"
"2425","lawâ€¦"
"2426","heatâ€¦"
"2427","didâ€¦"
"2428","â€¦"
"2429","charâ€¦"
"2430","atrâ€¦"
"2431","conâ€¦"
"2432","mâ€¦"
"2433","trumperâ€¦"
"2434","tâ€¦"
"2435","obaâ€¦"
"2436","lawyeâ€¦"
"2437","ï½"
"2438","ï½"
"2439","ï½"
"2440","ï½ï½ï½ï½ï½ï½ï½ï½ï½ï½ï½"
"2441","â€¦"
"2442","moâ€¦"
"2443","iâ€¦"
"2444","â€¦"
"2445","worâ€¦"
"2446","â€¦"
"2447","determinâ€¦"
"2448","â€¦"
"2449","aâ€¦"
"2450","â€¦"
"2451","honâ€¦"
"2452","â€¦"
"2453","alwaysâ€¦"
"2454","â€¦"
"2455","thâ€¦"
"2456","theâ€¦"
"2457","â€¦"
"2458","auzzzieâ€¦"
"2459","â€¦"
"2460","â€¦"
"2461","wâ€¦"
"2462","â€¦"
"2463","scaredâ€¦"
"2464","moochâ€¦"
"2465","canavanâ€¦"
"2466","â€¦"
"2467","breathtakingâ€¦"
"2468","â€¦"
"2469","seâ€¦"
"2470","â€¦"
"2471","stuffâ€¦"
"2472","â­ï¸â­ï¸â­ï¸â­ï¸â­ï¸s"
"2473","turnbullâ€™s"
"2474","lâ€¦"
"2475","â€¦"
"2476","paperâ€¦"
"2477","â€¦"
"2478","tâ€¦"
"2479","wâ€¦"
"2480","â€¦"
"2481","budgetâ€¦"
"2482","â€¦"
"2483","canâ€¦"
"2484","â€¦"
"2485","inâ€¦"
"2486","promotâ€¦"
"2487","â€¦"
"2488","thenâ€¦"
"2489","#aâ€¦"
"2490","earâ€¦"
"2491","â€¦"
"2492","muelleâ€¦"
"2493","â€¦"
"2494","â€¦"
"2495","iâ€¦"
"2496","5â€¦"
"2497","â€¦"
"2498","ofaâ€¦"
"2499","inequalitymoreâ€¦"
"2500","â€¦"
"2501","eyâ€¦"
"2502","â€¦"
"2503","alâ€¦"
"2504","ausâ€¦"
"2505","â€¦"
"2506","ampâ€¦"
"2507","â€¦"
"2508","won=sâ€¦"
"2509","â€¦"
"2510","ampcoweredâ€¦"
"2511","â€¦"
"2512","expmâ€¦"
"2513","â€¦"
"2514","â€¦"
"2515","indiâ€¦"
"2516","plsâ€¦"
"2517","missilâ€¦"
"2518","â€¦"
"2519","ğÿğÿğÿ"
"2520","agaiâ€¦"
"2521","â€¦"
"2522","fisheâ€¦"
"2523","â€¦"
"2524","â€¦"
"2525","ğÿ©"
"2526","aâ€¦"
"2527","â€¦"
"2528","tâ€¦"
"2529","coweringâ€¦"
"2530","â€¦"
"2531","2iâ€¦"
"2532","â€¦"
"2533","damaâ€¦"
"2534","â€¦"
"2535","theâ€¦"
"2536","â€¦"
"2537","chaosâ€¦"
"2538","â€¦"
"2539","chiâ€¦"
"2540","râ€¦"
"2541","â€¦"
"2542","ğÿ©"
"2543","tâ€¦"
"2544","â€¦"
"2545","eâ€¦"
"2546","â€¦"
"2547","â€¦"
"2548","nazisâ€¦"
"2549","abouâ€¦"
"2550","â€¦"
"2551","â€¦"
"2552","worldâ€"
"2553","â€œrussia"
"2554","kâ€¦"
"2555","â€¦"
"2556","â€¦"
"2557","â€¦"
"2558","â€¦"
"2559","â€¦"
"2560","ampâ€¦"
"2561","â€¦"
"2562","anythingâ€¦"
"2563","finaâ€¦"
"2564","seriouslâ€¦"
"2565","ampâ€¦"
"2566","â€¦"
"2567","thanâ€¦"
"2568","â€¦"
"2569","commenâ€¦"
"2570","â€¦"
"2571","â€¦"
"2572","sheâ€¦"
"2573","â€¦"
"2574","thinkâ€¦"
"2575","â€¦"
"2576","bothâ€¦"
"2577","impeachâ€¦"
"2578","â€¦"
"2579","thâ€¦"
"2580","â€¦"
"2581","butâ€¦"
"2582","ridâ€¦"
"2583","â€¦"
"2584","disgraâ€¦"
"2585","â€¦"
"2586","strangerinthehoâ€¦"
"2587","â€¦"
"2588","â€¦"
"2589","tâ€¦"
"2590","â€¦"
"2591","insâ€¦"
"2592","ğÿ¤£ğÿ¤£ğÿ¤£ğÿ¤£"
"2593","râ€¦"
"2594","ğÿ©"
"2595","donâ€¦"
"2596","constâ€¦"
"2597","â€¦"
"2598","cowâ€¦"
"2599","aâ€¦"
"2600","ğÿ˜"
"2601","turnbullâ€¦"
"2602","â€¦"
"2603","â€¦"
"2604","isâ€¦"
"2605","â€¦"
"2606","dontâ€¦"
"2607","â€¦"
"2608","theâ€¦"
"2609","â€¦"
"2610","iâ€¦"
"2611","â€¦"
"2612","â€¦"
"2613","ğÿ©"
"2614","#auâ€¦"
"2615","speechâ€¦"
"2616","â€¦"
"2617","oveâ€¦"
"2618","â€¦"
"2619","ampâ€¦"
"2620","â€¦"
"2621","voteâ€¦"
"2622","â€¦"
"2623","stoogesâ€¦"
"2624","inâ€¦"
"2625","â€¦"
"2626","pmğÿ©"
"2627","â€¦"
"2628","ğÿğÿ½"
"2629","â€¦"
"2630","â€¦"
"2631","misrepreâ€¦"
"2632","citizâ€¦"
"2633","theâ€¦"
"2634","â€¦"
"2635","trumpâ€¦"
"2636","poâ€¦"
"2637","â€¦"
"2638","â€¦"
"2639","eâ€¦"
"2640","â€¦"
"2641","â€¦"
"2642","ğÿ˜ğÿ˜"
"2643","â€¦"
"2644","ouâ€¦"
"2645","â€¦"
"2646","picâ€¦"
"2647","â€¦"
"2648","agreementâ€¦"
"2649","â€¦"
"2650","toâ€¦"
"2651","â€¦"
"2652","curatorsâ€¦"
"2653","â€¦"
"2654","â€¦"
"2655","oâ€¦"
"2656","â€¦"
"2657","quâ€¦"
"2658","â€¦"
"2659","wondâ€¦"
"2660","â€¦"
"2661","ofâ€¦"
"2662","â€¦"
"2663","oâ€¦"
"2664","hereâ€¦"
"2665","â€¦"
"2666","â€œa"
"2667","dumpâ€â€¼ï¸i"
"2668","residenceâ¤ï¸lincolnğÿœrmğÿproudwh"
"2669","â€œa"
"2670","â€¦"
"2671","#aâ€¦"
"2672","itâ€¦"
"2673","â€¦"
"2674","resolutâ€¦"
"2675","â€¦"
"2676","stupiâ€¦"
"2677","â€¦"
"2678","fâ€¦"
"2679","â€¦"
"2680","laborâ€™s"
"2681","abidiâ€¦"
"2682","â€¦"
"2683","toâ€¦"
"2684","â€¦"
"2685","trumpâ€¦"
"2686","â€¦"
"2687","â€¦"
"2688","oâ€¦"
"2689","servicesâ€¦"
"2690","â€¦"
"2691","câ€¦"
"2692","#aâ€¦"
"2693","weaknessampcarelessneâ€¦"
"2694","theyâ€¦"
"2695","#aâ€¦"
"2696","tonyabbottmhrâ€¦"
"2697","â€¦"
"2698","aâ€¦"
"2699","itâ€¦"
"2700","â€¦"
"2701","othâ€¦"
"2702","voteâ€¦"
"2703","iraâ€¦"
"2704","firâ€¦"
"2705","coâ€¦"
"2706","tâ€¦"
"2707","clintonâ€™s"
"2708","iâ€¦"
"2709","#norâ€¦"
"2710","letâ€™s"
"2711","neverâ€¦"
"2712","aâ€¦"
"2713","$500â€¦"
"2714","â€¦"
"2715","loaâ€¦"
"2716","tâ€¦"
"2717","prayerâ€¦"
"2718","ğÿ¥guam"
"2719","ğÿ¥"
"2720","furyğÿ£i"
"2721","ğÿagreed"
"2722","stâ€¦"
"2723","â€¦"
"2724","#châ€¦"
"2725","ğÿ¤"
"2726","#chaâ€¦"
"2727","#charlotâ€¦"
"2728","â€¦"
"2729","dividâ€¦"
"2730","#chaâ€¦"
"2731","â€¦"
"2732","olâ€¦"
"2733","musâ€¦"
"2734","tâ€¦"
"2735","manâ€¦"
"2736","donâ€¦"
"2737","â€¦"
"2738","â€¦"
"2739","reasonâ€"
"2740","â€¦"
"2741","#châ€¦"
"2742","republicaâ€¦"
"2743","â€¦"
"2744","charlesmurrayâ€¦"
"2745","dadsmeâ€¦"
"2746","beâ€¦"
"2747","lâ€¦"
"2748","â€¦"
"2749","prodâ€¦"
"2750","#aâ€¦"
"2751","â€¦"
"2752","â€¦"
"2753","ğÿ¤"
"2754","#doublestâ€¦"
"2755","âšï¸dont"
"2756","ğÿğÿ½hillaryclinton"
"2757","investigatioâ€¦"
"2758","imâ€¦"
"2759","wantsâ€¦"
"2760","moreâ€¦"
"2761","âœwants"
"2762","peopleğÿˆ"
"2763","privilegeğÿˆ"
"2764","#obamaliâ€¦"
"2765","marxâ€¦"
"2766","â€¦"
"2767","â€œwe"
"2768","letâ€™s"
"2769","jfkâ€™s"
"2770","~"
"2771","foxâ€™s"
"2772","hereâ€™s"
"2773","|"
"2774","|"
"2775","ï½ï½ï½ï½"
"2776","â€¼ï¸"
"2777","ï½ï½ï½"
"2778","ï½ï½ï½"
"2779","ï½ï½ï½ï½"
"2780","ï½apparently"
"2781","ï½ï½did"
"2782","newâ€"
"2783","leadershipâ€¦"
"2784","sandersâ€™"
"2785","â€"
"2786","#wikileaksartâ€and"
"2787","themï½"
"2788","ï½call"
"2789","http://t.co/gwbyifooih"
"2790","islamânopcbs"
"2791","â¤ï½"
"2792","thereï½ï½ï½ï½ï½"
"2793","ï½ï½ï½"
"2794","â€"
"2795","placeï½ï½"
"2796","#martinlutherkingdayâ"
"2797","#mlkdayâ"
"2798","flyingï½ï½"
"2799","ï½ï½â™¥ï¸"
"2800","waitâ€¼"
"2801","whatâ"
"2802","ï½ï½ï½ï½ï½ï½"
"2803","prayedï½"
"2804","praiseâœ"
"2805","didnâ€™t"
"2806","chanâ€¦"
"2807","obamaâï¸âï¸âï¸âï¸liars"
"2808","hypocritesï½ï½"
"2809","tiesï½"
"2810","ï½ï½"
"2811","itâ€™s"
"2812","ï½"
"2813","ï½ï½ï½ï½"
"2814","itâ€™s"
"2815","itâ€™s"
"2816","howâ€¼ï¸ï½ï½â¤ï¸ï½ï½"
"2817","ã°å¸â€âºã°å¸â€â¸ã°å¸â€âºã°å¸â€â¸ã°å¸â€âºã°å¸â€â¸"
"2818","ï½ï½"
"2819","byeï½ï½ï½ï½â˜ï½"
"2820","ï½on"
"2821","ï½ï½ï½ï½"
"2822","http://t.co/zcp1ge3yma."
"2823","http://t.co/mfieyj450f"
"2824","ï½ï½"
"2825","~"
"2826","despicableï½ï½"
"2827","â€˜defyingâ€™"
"2828","riskâ"
"2829","beyoncã©s"
"2830","ï½"
"2831","â˜ï¸httpstcoh7fz97hpvf"
"2832","habâ€¦"
"2833","foâ€¦"
"2834","http://t.co/gwbyifooih"
"2835","islamânopcbs"
"2836","~"
"2837","ï½"
"2838","doneï½"
"2839","godâ€™s"
"2840","ï½"
"2841","mediaï½"
"2842","1sï½ï½ï½"
"2843","failedâï¸"
"2844","#obamacareâ¬ï¸â€¼more"
"2845","aboutï½barackobama"
"2846","pplâ€¼"
"2847","gmï½lauraadiaz"
"2848","itâ€™s"
"2849","â€˜4"
"2850","ipadâ€™"
"2851","â€˜kindleâ€™"
"2852","itâ€™s"
"2853","ï½ï½ï½ï½"
"2854","brianâ€¦"
"2855","shiftï½ï½phxflyerï½ï½fool"
"2856","ï½trumpwinsï½"
"2857","â¬ï¸"
"2858","ï½ï½"
"2859","ï½"
"2860","meâ€¼ï½ï½"
"2861","ï½ï½â™¥ï¸ï½ï½"
"2862","â˜ï½"
"2863","ï½"
"2864","ï½"
"2865","~"
"2866","presidencyâ€your"
"2867","ukï½ï½"
"2868","ï½ï½ï½ï½"
"2869","ï½"
"2870","oneâ€™s"
"2871","donâ€™t"
"2872","theyâ€™ll"
"2873","repealï½ï½"
"2874","islamânopcbs"
"2875","http://t.co/gwbyifooih"
"2876","ï½"
"2877","meetingï½ï½"
"2878","ï½ï½ï½ï½"
"2879","ï½ï½ï½ï½"
"2880","jã¤mmerlichen"
"2881","realityâ€â€ppl"
"2882","â€œtrump"
"2883","wordâ€"
"2884","â€˜the"
"2885","backâ€™new"
"2886","â€˜putinâ€™s"
"2887","resetâ€™"
"2888","ï½"
"2889","ï½"
"2890","ï½"
"2891","|"
"2892","ï½"
"2893","watchï½"
"2894","ï½âœ¨hope"
"2895","loveâœ¨â¤ï¸"
"2896","ï½ï½"
"2897","××™××ampquot×©"
"2898","×œ×¤××™×"
"2899","×©×××"
"2900","××™×©×"
"2901","××©××"
"2902","×™×ª"
"2903","××™×"
"2904","×"
"2905","×¨×¦××™×"
"2906","doesnâ€™t"
"2907","theftâ€because"
"2908","ï½"
"2909","~"
"2910","ï½ï½"
"2911","ï½this"
"2912","ï½why"
"2913","ï½ï½ï½"
"2914","ï½wishing"
"2915","â˜ƒï¸âï¸â˜ƒï¸beautiful"
"2916","ï½ï½christmas"
"2917","âœ¨lindapjâœ¨"
"2918","ï½danscavino"
"2919","always~president"
"2920","properly~finally~â™~"
"2921","#stopchildneglectâ"
"2922","â˜httpstcogtnokuy5tt"
"2923","ï½merrychristmasï½ï½ï½"
"2924","#veteransï½ï½"
"2925","godâ¤trumpâ¤usa"
"2926","ï½islamsatancancer"
"2927","amparmyï½ï½islamsatanobama"
"2928","worldï½"
"2929","â€¼ï¸ï½ï½"
"2930","ï½"
"2931","usaï½ï½ï½"
"2932","ï½"
"2933","trumpâ€™s"
"2934","câ€¦"
"2935","obamaâ€™s"
"2936","â€"
"2937","itâ€™s"
"2938","etc~"
"2939","islamânopcbs"
"2940","http://t.co/gwbyifooih"
"2941","gunsâš°ï¸â˜"
"2942","ï¸"
"2943","ainâ€™t"
"2944","ï½ï½ï½ï½"
"2945","~davidkeyespmo"
"2946","ï½ï½"
"2947","ï½foxnews"
"2948","â€˜white"
"2949","racismâ€™"
"2950","ï½ï½"
"2951","ï½ï½ï½ï½"
"2952","inâ€¦"
"2953","â€¦"
"2954","â€"
"2955","â€œamericaâ€™s"
"2956","lawyerâ€"
"2957","1stï½ï½"
"2958","sideâ€¦amp"
"2959","illegalsï½"
"2960","nameï½"
"2961","illegalsï½"
"2962","safeâœ"
"2963","ï½ï½"
"2964","monthï½"
"2965","ï½ï½ï½"
"2966","â£48"
"2967","â£59bn"
"2968","pipelineâœš"
"2969","ï½"
"2970","ï½â"
"2971","fbiï½â"
"2972","iâ€™m"
"2973","donâ€™t"
"2974","monthâ€"
"2975","ï½ï½"
"2976","ï½ï½"
"2977","ï½ï½ï½"
"2978","ï½"
"2979","â™¥ï¸"
"2980","ï½ï½ï½"
"2981","ï½"
"2982","âšï¸"
"2983","ï½ï½"
"2984","michiganâ€¼ï¸"
"2985","itï½â€¼"
"2986","ï½ï½ï½"
"2987","â€œgates"
"2988","usâ€¦â€"
"2989","â€"
"2990","â€"
"2991","ï½ï½ï½ï½httpstcoqw7ip41jqk"
"2992","ï½they"
"2993","â€œwe"
"2994","choicesâ€"
"2995","nowï½"
"2996","fkgï½"
"2997","zuckerbergâï¸property"
"2998","obamaâï¸property"
"2999","popeâï¸property"
"3000","usâï¸no"
"3001","usï½"
"3002","briefingâ€¦"
"3003","hypocrisytheyâ€™re"
"3004","staâ€¦"
"3005","parliamentariansï½folks"
"3006","cardâœ"
"3007","http://t.co/zcp1ge3yma."
"3008","http://t.co/mfieyj450f"
"3009","http://t.co/gwbyifooih"
"3010","islamânopcbs"
"3011","haï½"
"3012","learnâ€nobody"
"3013","âï¸need"
"3014","politicsâï¸"
"3015","ï½sports"
"3016","loveï½"
"3017","ï½ï½senjohnmccain"
"3018","ï½vid"
"3019","availableï½"
"3020","â€"
"3021","â€"
"3022","â€"
"3023","eriâ€¦"
"3024","crimes~theres"
"3025","out~â™~ï½"
"3026","waâ€¦"
"3027","ï½ï½ï½ï½â¤ï¸kicked"
"3028","ï½crazy"
"3029","heedâ€¼ï¸ï½"
"3030","ï½ï½ï½"
"3031","aâ"
"3032","ï½boom"
"3033","ï½"
"3034","http://t.co/cxaxhj9b1p."
"3035","http://t.co/vnxv55jgpq"
"3036","ï½"
"3037","ã€httpstco3g7zsbcxfj"
"3038","ï½"
"3039","himï½"
"3040","dcâ€¦"
"3041","itâ€™s"
"3042","â€˜blue"
"3043","billionaireâ€™"
"3044","bleedsâ€¦"
"3045","#standwâ€¦"
"3046","suckï½holdthefloor"
"3047","putinï½hannity"
"3048","http://t.co/zcp1ge3yma."
"3049","http://t.co/mfieyj450f"
"3050","http://t.co/gwbyifooih"
"3051","islamânopcbs"
"3052","ï½"
"3053","benchï½"
"3054","lawï½trying"
"3055","safeâœ"
"3056","trashï½ï½"
"3057","â€œwe"
"3058","choicesâ€"
"3059","winningï½"
"3060","ï½ï½"
"3061","#mikaandjoe~faces"
"3062","ï½ï½"
"3063","donâ€™t"
"3064","naziâ€™s"
"3065","leftâ€™s"
"3066","ï½ï½ï½ï½ï½ï½ï½"
"3067","â€˜feels"
"3068","inevitableâ€™"
"3069","http://t.co/bbfj9qie5l"
"3070","http://t.co/yfnuxr4opm"
"3071","votingâ€¦"
"3072","pã©tition"
"3073","lancã©e"
"3074","ï½"
"3075","ã"
"3076","ï½"
"3077","â€œdiversity"
"3078","humanityâ€"
"3079","ï½are"
"3080","ï½ï½"
"3081","kodiï½ï½amp"
"3082","âï¸ï½ï½"
"3083","ï½ï½"
"3084","comeyâ€™s"
"3085","heâ€™s"
"3086","â€"
"3087","ï½ï½chelseaclinton"
"3088","â€¦trump"
"3089","surveilledâ€not"
"3090","russiaâ€¦"
"3091","ï½"
"3092","âš¾ï¸"
"3093","ï½"
"3094","ï½ï½"
"3095","â€œthe"
"3096","pleaseğÿ™follow"
"3097","ğÿcraigrsawyer"
"3098","overdueğÿlisten"
"3099","schiffâ¤µ"
"3100","connectionsï½"
"3101","crimesï½"
"3102","measuresâ€with"
"3103","smileğÿ˜"
"3104","ğÿºğÿ¸"
"3105","detroitâ€™s"
"3106","doesnâ€™t"
"3107","ampmoreï½ï½ï½ï½ï½ï½â¤ï¸â¤ï¸ï½ï½ï½"
"3108","ï½"
"3109","#libertã©"
"3110","lãgalitã©"
"3111","ğÿºğÿ¸"
"3112","russianâ¤µ"
"3113","comeyğÿ²"
"3114","findğÿ"
"3115","themselvesğÿ˜"
"3116","americaâ€™s"
"3117","ğÿğÿ½"
"3118","ğÿğÿ½"
"3119","ï½ï½ï½ï½ï½"
"3120","ï½flashbackï½"
"3121","âœbenghazi"
"3122","âœfast"
"3123","âœhillary"
"3124","âœirs"
"3125","thisâ€¦"
"3126","tonightï½"
"3127","â˜®ï¸ï½ï½ï½"
"3128","â€¦"
"3129","#americafirstï½ï½"
"3130","inï½"
"3131","â€¦"
"3132","ï½ï½ï½ï½"
"3133","#reâ€¦"
"3134","truthï½ï½"
"3135","â€œi"
"3136","donâ€™t"
"3137","livesâ€judy"
"3138","ğÿ™loony"
"3139","liberalğÿ™"
"3140","ğÿ±she"
"3141","ğÿ™€"
"3142","ğÿ"
"3143","nowğÿğÿ"
"3144","resurrectionğÿ™ğÿ"
"3145","ğÿœ±ğÿƒ"
"3146","ğÿlibya"
"3147","ğÿsyria"
"3148","ğÿiraq"
"3149","â€˜allmuslim"
"3150","armyâ€™"
"3151","ğÿagsessionsğÿthose"
"3152","forewarnedğÿthis"
"3153","`"
"3154","`"
"3155","`"
"3156","ğÿºğÿ¸ğÿ®ğÿ±israelipm"
"3157","ğÿ˜"
"3158","ğÿğÿğÿœÿğÿğÿ"
"3159","ğÿğÿğÿœÿğÿğÿğÿœÿğÿğÿğÿœÿğÿğÿğÿœÿğÿğÿ"
"3160","@tuckercarlsonâï¸"
"3161","ukraineâ"
"3162","ğÿ˜€"
"3163","1stâ€¦then"
"3164","â€œrebelsâ€"
"3165","|"
"3166","ğÿğÿgang"
"3167","ğÿºit"
"3168","lordğÿº"
"3169","â€"
"3170","~george"
"3171","#magağÿpotus"
"3172","thriveğÿºğÿ¸"
"3173","âš"
"3174","ï¸"
"3175","ğÿ"
"3176","ğÿ¥venezuela"
"3177","countries~where"
"3178","theyğÿ¤"
"3179","#bwhwğÿ¥"
"3180","â€¢"
"3181","â€¢"
"3182","â€¢"
"3183","ğÿ¥denied"
"3184","hearingsğÿ˜"
"3185","faceğÿ˜"
"3186","remixâ€donald"
"3187","ğÿ˜"
"3188","assassinã©"
"3189","modã¨le"
"3190","#magağÿºğÿ¸"
"3191","watchâï¸httpstcouncxfifzer"
"3192","aâ€œfighterâ€4"
"3193","withâ€œvery"
"3194","â€˜humans"
"3195","fuelsâ€™"
"3196","â€"
"3197","#polandğÿµğÿ±"
"3198","#iloveyouâ¤ï¸"
"3199","#jesusâœï¸"
"3200","#braveâœœï¸"
"3201","#polishnationâªï¸"
"3202","#pray4usğÿ™"
"3203","ğÿ©"
"3204","ğÿ¯"
"3205","â€œnogo"
"3206","zonesâ€"
"3207","trumpğÿºğÿ¸"
"3208","ğÿ"
"3209","assangeâ€they"
"3210","statusğÿ™"
"3211","clintonâ€™s"
"3212","obamaâ€™s"
"3213","announcedâ€"
"3214","photojournalistâ€¦"
"3215","|"
"3216","ğÿºğÿ¸ğÿœğÿºğÿ¸"
"3217","@htcspeakerğÿš"
"3218","ğÿ˜ğÿ˜ğÿ˜"
"3219","sorosâ€˜has"
"3220","europeansâ€™"
"3221","democratsâ€™"
"3222","#maga8ğÿºğÿ¸ğÿºğÿ¸"
"3223","ğÿğÿ½melting"
"3224","ğÿğÿ½before"
"3225","ğÿğÿ½our"
"3226","ğÿğÿ½eyes"
"3227","dayâ€"
"3228","#vivelepenğÿğÿ"
"3229","#pourcamilleâ¤ï¸"
"3230","ğÿºğÿ¸"
"3231","ğÿºğÿ¸whcd2017"
"3232","â€"
"3233","ampâ"
"3234","honeyâ˜ğÿamp"
"3235","moreâ¤take"
"3236","careğÿ™ğÿâ¤ğÿ¦ğÿğÿ˜˜â˜"
"3237","hands~gun"
"3238","death~"
"3239","life~guns"
"3240","~never"
"3241","know~â™~ğÿ˜š"
"3242","mãs"
"3243","oã­r"
"3244","ğÿœ"
"3245","removeğÿˆand"
"3246","notğÿš¨"
"3247","sirğÿ"
"3248","assadâ€™s"
"3249","|"
"3250","ğÿ˜˜"
"3251","ğÿ¤µffweekend"
"3252","boycottedâ€¼ï¸"
"3253","ğÿ™œğÿ"
"3254","â€œiâ€™m"
"3255","americaâ€"
"3256","â™€"
"3257","ğÿ¤"
"3258","longğÿºğÿ¸"
"3259","ğÿ"
"3260","ğÿ¾ğÿ¥"
"3261","ğÿš¨retweet"
"3262","ğÿºğÿ¸"
"3263","ğÿ˜"
"3264","|"
"3265","|"
"3266","|"
"3267","|"
"3268","|"
"3269","ğÿœğÿ¾isnt"
"3270","ğÿğÿ"
"3271","#tuesdaymotivationğÿ¥"
"3272","mbaâ€™s"
"3273","â€"
"3274","peopleâ€™s"
"3275","canâ€™t"
"3276","godâ€™s"
"3277","â€˜record"
"3278","breakingâ€™"
"3279","oâ€™care"
"3280","corporateğÿ°"
"3281","roomsâ€¦smoke"
"3282","oâ€¦"
"3283","â€˜black"
"3284","siteâ€™"
"3285","resideâ€¦"
"3286","â€¦"
"3287","#câ€¦"
"3288","werenâ€¦"
"3289","sâ€¦"
"3290","â€¦"
"3291","âªï¸sympathizes"
"3292","libsğÿœğÿ"
"3293","âªï¸disavows"
"3294","ğÿ±ğÿsupremacist"
"3295","bâ€¦"
"3296","iâ€¦"
"3297","broâ€¦"
"3298","#gâ€¦"
"3299","â€¦"
"3300","#chaâ€¦"
"3301","thaâ€¦"
"3302","stanâ€¦"
"3303","â€¦"
"3304","everyâ€¦"
"3305","lawâ€¦"
"3306","heatâ€¦"
"3307","didâ€¦"
"3308","charâ€¦"
"3309","â€¦"
"3310","atrâ€¦"
"3311","conâ€¦"
"3312","tâ€¦"
"3313","obaâ€¦"
"3314","imâ€¦"
"3315","signâ€¦"
"3316","clintonâ€™s"
"3317","iâ€¦"
"3318","toâ€¦"
"3319","â€¦"
"3320","protecâ€¦"
"3321","ğÿºğÿ¸"
"3322","saâ€¦"
"3323","â€¦"
"3324","charâ€¦"
"3325","smarterhttpsâ€¦"
"3326","allegâ€¦"
"3327","playingpoliticsâ€¦"
"3328","â€¦"
"3329","abeâ€¦"
"3330","â€¦"
"3331","â€¦"
"3332","oveâ€¦"
"3333","showsâ€¦"
"3334","ampâ€¦"
"3335","âœï¸jobs"
"3336","âœï¸tax"
"3337","âœï¸"
"3338","reformâ€¦"
"3339","â€¦"
"3340","aâ€¦"
"3341","sâ€¦"
"3342","likâ€¦"
"3343","seekï½ï½httpstcojejduxazvj"
"3344","charlottâ€¦"
"3345","fâ€¦"
"3346","bâ€¦"
"3347","dâ€¦"
"3348","seattleâ€¦"
"3349","forâ€¦"
"3350","â€¦"
"3351","scrâ€¦"
"3352","â€¦"
"3353","didâ€¦"
"3354","ğÿ¤"
"3355","sâ€¦"
"3356","charlesmurrayâ€¦"
"3357","â€¦"
"3358","tooâ€¦"
"3359","wâ€¦"
"3360","â€¦"
"3361","thâ€¦"
"3362","â€œevery"
"3363","lâ€¦"
"3364","ğÿºğÿ¸patriots"
"3365","loveğÿÿ"
"3366","ğÿšğÿšƒğÿšƒğÿšƒğÿšƒğÿ¨ğÿ¨"
"3367","â€¦"
"3368","charâ€¦"
"3369","tâ€¦"
"3370","lâ€¦"
"3371","weâ€¦"
"3372","â€¦"
"3373","questioâ€¦"
"3374","retirementâ€¦"
"3375","iâ€¦"
"3376","disorderğÿ¯"
"3377","aâ€¦"
"3378","~"
"3379","â€¦"
"3380","signâ€¦"
"3381","lâ€¦"
"3382","â€¦"
"3383","brâ€¦"
"3384","bâ€¦"
"3385","havâ€¦"
"3386","#câ€¦"
"3387","â€¦"
"3388","#charlotâ€¦"
"3389","sidesâ€¦"
"3390","marchâ€¦blm"
"3391","marcherâ€¦"
"3392","ğÿ˜®mother"
"3393","ğÿğÿ¼"
"3394","involvedğÿ˜³"
"3395","blmğÿracistleftistsoros"
"3396","wherâ€¦"
"3397","â€¦"
"3398","â©ğÿ¥nationalists"
"3399","marchâ€¦blm"
"3400","marcheâ€¦"
"3401","ğÿğÿ"
"3402","uâ€¦"
"3403","baitğÿ£"
"3404","â˜"
"3405","ï¸"
"3406","3ï¸âƒ£dead"
"3407","inclâ€¦"
"3408","ciâ€¦"
"3409","literâ€¦"
"3410","â€¦"
"3411","#châ€¦"
"3412","suppâ€¦"
"3413","#câ€¦"
"3414","beingâ€¦"
"3415","taxpayâ€¦"
"3416","â€¦"
"3417","familiesâœï¸ğÿºğÿ¸ğÿ™â¤ï¸"
"3418","yoâ€¦"
"3419","ğÿ¤ğÿ¤ğÿ¤wondering"
"3420","nationaâ€¦"
"3421","ğÿ˜¬"
"3422","potâ€¦"
"3423","onesâ€¦"
"3424","kneâ€¦"
"3425","â€¦"
"3426","agenâ€¦"
"3427","ideağÿhow"
"3428","antiâ€¦"
"3429","colâ€¦"
"3430","satisfiedâï¸we"
"3431","theâ€¦"
"3432","#châ€¦"
"3433","fâ€¦"
"3434","haveâ€¦"
"3435","â€¦"
"3436","areâ€¦"
"3437","matâ€¦"
"3438","tâ€¦"
"3439","#châ€¦"
"3440","trumpâ€¦"
"3441","blaâ€¦"
"3442","charlottesvilâ€¦"
"3443","tâ€¦"
"3444","conâ€¦"
"3445","ebonikwâ€¦"
"3446","americaâ€¦"
"3447","likeâ€¦"
"3448","#whywemustimpeachtruâ€¦"
"3449","âª"
"3450","ğÿ€"
"3451","ğÿ˜pd1940"
"3452","veteran4trumpâ€¦"
"3453","âª"
"3454","ğÿ€"
"3455","ğÿ˜pd1940"
"3456","â€¦"
"3457","bâ€¦"
"3458","tâ€¦"
"3459","tâ€¦"
"3460","câ€¦"
"3461","trump~"
"3462","thingâ€¦"
"3463","sidâ€¦"
"3464","truthğÿ˜±"
"3465","#blmâ€¦"
"3466","racismâï¸antifa"
"3467","oâ€¦"
"3468","â¤ï¸"
"3469","ğÿ™ğÿğÿºğÿ¸trumparmyâ€¦"
"3470","â¤ï¸"
"3471","ğÿ™ğÿğÿºâ€¦"
"3472","soviâ€¦"
"3473","bilâ€¦"
"3474","uâ€¦"
"3475","cabbaâ€¦"
"3476","lorihackâ€¦"
"3477","âª"
"3478","ğÿğÿ¼read"
"3479","ampweepğÿ˜­lonman06"
"3480","â€¦"
"3481","aâ€¦"
"3482","aboutâ€¦"
"3483","â€¦"
"3484","isâ€¦"
"3485","givenâ€¦"
"3486","ğÿºğÿ¸âšï¸"
"3487","âšï¸ğÿºğÿ¸"
"3488","eaglâ€¦"
"3489","â€¦"
"3490","ampâ€¦"
"3491","â€¦"
"3492","ğÿ"
"3493","realâ€¦"
"3494","â€¦"
"3495","know~the"
"3496","pâ€¦"
"3497","afterampâ€¦"
"3498","â€¦"
"3499","~the"
"3500","theyrâ€¦"
"3501","statues~"
"3502","â€¦"
"3503","loâ€¦"
"3504","beâ€¦"
"3505","grahamâ€¦"
"3506","welfâ€¦"
"3507","câ€¦"
"3508","#mâ€¦"
"3509","uglinessâ€¦"
"3510","fulfiâ€¦"
"3511","repeâ€¦"
"3512","ğÿºğÿ¸he"
"3513","retâ€¦"
"3514","outâ€¦"
"3515","newsâ€¦"
"3516","#tuesdaythouâ€¦"
"3517","weâ€¦"
"3518","thoâ€¦"
"3519","eâ€¦"
"3520","sileâ€¦"
"3521","â€¦"
"3522","wrongâ€¦"
"3523","â€¦"
"3524","mosulhttpstcâ€¦"
"3525","â€¦"
"3526","notâ€¦"
"3527","â€¦"
"3528","copsâ€¦"
"3529","toâ€¦"
"3530","changâ€¦"
"3531","ğÿºğÿ¸"
"3532","â€¦"
"3533","ğÿ¥fire"
"3534","ğÿ¥"
"3535","ğÿºğÿ¸"
"3536","â¤ï¸"
"3537","potusâ€¼ï¸"
"3538","#rednatioâ€¦"
"3539","isnâ€™t"
"3540","havâ€¦"
"3541","nameâ€¦"
"3542","regâ€¦"
"3543","prosecutâ€¦"
"3544","#trâ€¦"
"3545","blmğÿracistleftistsoros"
"3546","wherâ€¦"
"3547","#chaâ€¦"
"3548","dividâ€¦"
"3549","inâ€¦"
"3550","#charlotâ€¦"
"3551","condemâ€¦"
"3552","presideâ€¦"
"3553","punâ€¦"
"3554","â€¦"
"3555","â€¦"
"3556","someâ€¦"
"3557","â€¦"
"3558","timeâ€¦"
"3559","cullâ€¦"
"3560","â€¦"
"3561","literâ€¦"
"3562","yeâ€¦"
"3563","câ€¦"
"3564","reasonâ€"
"3565","â€¦"
"3566","charâ€¦"
"3567","retwâ€¦"
"3568","â€¦"
"3569","â©muslims"
"3570","tooâºhttpstcokhkwfgepyo"
"3571","#usağÿºğÿ¸httpsâ€¦"
"3572","â€¦"
"3573","haveâ€¦"
"3574","sideâ€¦"
"3575","truâ€¦"
"3576","â€¦"
"3577","â€¦"
"3578","ğÿšğÿ¨ğÿºğÿ¸"
"3579","247â€¦"
"3580","heâ€™sâ€¦"
"3581","â€¦"
"3582","sangerâ€¦"
"3583","#antifaterroriâ€¦"
"3584","colombiaâ€™s"
"3585","inâ€¦"
"3586","â€¦"
"3587","wâ€¦"
"3588","yeaâ€¦"
"3589","charlesmurrayâ€¦"
"3590","bâ€¦"
"3591","oveâ€¦"
"3592","oâ€¦"
"3593","iâ€™m"
"3594","linâ€¦"
"3595","racismâ€¦"
"3596","conâ€¦"
"3597","realâ€¦"
"3598","doâ€¦"
"3599","medâ€¦"
"3600","altlefâ€¦"
"3601","sâ€¦"
"3602","welcomâ€¦"
"3603","ğÿ¥apple"
"3604","counâ€¦"
"3605","exploâ€¦"
"3606","caseâ€¦"
"3607","ampâ€¦"
"3608","reâ€¦"
"3609","â€¦"
"3610","tougâ€¦"
"3611","theâ€¦"
"3612","theâ€¦"
"3613","exploitatioâ€¦"
"3614","tâ€¦"
"3615","#joâ€¦"
"3616","râ€¦"
"3617","filtâ€¦"
"3618","know~the"
"3619","pâ€¦"
"3620","voâ€¦"
"3621","ğÿªğÿºğÿ¸"
"3622","â€˜be"
"3623","youâ€™"
"3624","statues~"
"3625","â€¦"
"3626","conteâ€¦"
"3627","doâ€¦"
"3628","throwâ€¦"
"3629","takenâ€¦"
"3630","ğğ½ğ°ğğ¸ñğ¸ğº"
"3631","ñƒğñƒññˆğµğ½ğ¸ğµ"
"3632","ğñ€ğ¾ğ³ğ½ğ¾ğğ°"
"3633","ğğ¾"
"3634","ğ"
"3635","ğ¾ññğ¸ğ¸"
"3636","ğñ€ğ¸ğ²ğµğ´ğµñ"
"3637","ğº"
"3638","ñ€ğ¾ñññƒ"
"3639","ğ¸ğ½ğ²ğµññğ¸ñğ¸ğ¹"
"3640","ğ"
"3641","ğµğğ¸ññğµñ€ñƒ"
"3642","ğšğ¾ğ½ñğ°ğğ¾ğ²ñğºğ¾ğ¼ñƒ"
"3643","ğ±ñƒğ´ğµñ"
"3644","ğ²ñ€ñƒñğµğ½ğ°"
"3645","ğñ€ğµğ¼ğ¸ñ"
"3646","ğ¸ğ¼ğµğ½ğ¸"
"3647","ğ¤ğµğ´ğµñ€ğ¸ğºğ¾"
"3648","ğ¤ğµğğğ¸ğ½ğ¸"
"3649","ğ½ğ°"
"3650","ğ¼ğµğğ´ñƒğ½ğ°ñ€ğ¾ğ´ğ½ğ¾ğ¼"
"3651","ñğµññğ¸ğ²ğ°ğğµ"
"3652","ğ²"
"3653","ğ˜ñğ°ğğ¸ğ¸"
"3654","usaâ€¦"
"3655","initiativeâ€¦"
"3656","ğÿºğÿ¸he"
"3657","retâ€¦"
"3658","flagâ€¦"
"3659","#charâ€¦"
"3660","foâ€¦"
"3661","possiblâ€¦"
"3662","mâ€¦"
"3663","ğÿ°"
"3664","â€¦"
"3665","favâ€¦"
"3666","#fridaâ€¦"
"3667","bagsğÿ¤£ğÿ¤£"
"3668","ğÿ˜ğÿ˜ğÿ˜ğÿ˜ğÿ˜maga"
"3669","trumpğÿºğÿ¸"
"3670","realdonaldtâ€¦"
"3671","â€¦"
"3672","staâ€¦"
"3673","claâ€¦"
"3674","trâ€¦"
"3675","regâ€¦"
"3676","ridâ€¦"
"3677","probablyâ€¦"
"3678","caâ€¦"
"3679","ampâ€¦"
"3680","complâ€¦"
"3681","ğÿ˜ğÿ˜ğÿ˜"
"3682","ğÿºğÿ¸ğÿºğÿ¸ğÿºğÿ¸"
"3683","magağÿ˜"
"3684","depâ€¦"
"3685","â€¦"
"3686","reaâ€¦"
"3687","nonmusâ€¦"
"3688","democratâ€¦"
"3689","speakerryanâ€¦"
"3690","neededâ€¦"
"3691","righâ€¦"
"3692","oppoâ€¦"
"3693","â€¦"
"3694","barâ€¦"
"3695","blâ€¦"
"3696","policâ€¦"
"3697","aâ€¦"
"3698","#theâ€¦"
"3699","countryâ€¦"
"3700","alâ€¦"
"3701","ultimateâ€¦"
"3702","ampâ€¦"
"3703","fâ€¦"
"3704","â€˜inside"
"3705","scoopâ€™"
"3706","clintonâ€¦"
"3707","â€œitâ€™s"
"3708","coâ€"
"3709","hereâ€™s"
"3710","â€˜fair"
"3711","balancedâ€™"
"3712","msnbcâ€™s"
"3713","scaliseâ€™s"
"3714","â€˜faith"
"3715","freedomâ€™"
"3716","â€¦"
"3717","kursverã¤nderung"
"3718","ğ­ğºñğğµñ€ññ"
"3719","ğ"
"3720","ğµñˆğµğ½ğ¸ğµ"
"3721","ğ´ğ°ğğ¾"
"3722","ğ½ğ°ğ´ğµğğ´ñƒ"
"3723","ğ½ğ°"
"3724","ğğ¾ğ²ññˆğµğ½ğ¸ğµ"
"3725","ñ€ğµğ¹ñğ¸ğ½ğ³ğ°"
"3726","ğ"
"3727","ğ¤"
"3728","imâ€¦"
"3729","signâ€¦"
"3730","clintonâ€™s"
"3731","iâ€¦"
"3732","toâ€¦"
"3733","â€¦"
"3734","protecâ€¦"
"3735","ğÿºğÿ¸"
"3736","saâ€¦"
"3737","â€¦"
"3738","charâ€¦"
"3739","smarterhttpsâ€¦"
"3740","allegâ€¦"
"3741","playingpoliticsâ€¦"
"3742","â€¦"
"3743","â€¦"
"3744","abeâ€¦"
"3745","â€¦"
"3746","oveâ€¦"
"3747","showsâ€¦"
"3748","ampâ€¦"
"3749","â€¦"
"3750","âœï¸jobs"
"3751","âœï¸tax"
"3752","âœï¸"
"3753","reformâ€¦"
"3754","aâ€¦"
"3755","sâ€¦"
"3756","likâ€¦"
"3757","ï½"
"3758","ï½"
"3759","fâ€¦"
"3760","amâ€¦"
"3761","#pâ€¦"
"3762","â€¦"
"3763","retwâ€¦"
"3764","â¤"
"3765","ğÿ¹ğÿ"
"3766","â€¦"
"3767","cullâ€¦"
"3768","â€¦"
"3769","ğÿšğÿšƒğÿšƒğÿšƒğÿšƒğÿšƒğÿšƒğÿšƒğÿšƒğÿšƒğÿšƒğÿšƒğÿšƒğÿšƒğÿšƒğÿšƒğÿšƒ"
"3770","pâ€¦"
"3771","rouâ€¦"
"3772","â€¦"
"3773","ğÿšğÿšƒğÿšƒğÿšƒğÿšƒğÿšƒğÿšƒğÿšƒğÿšƒâ€¦"
"3774","throughâ€¦"
"3775","agâ€¦"
"3776","ğÿšğÿ¼"
"3777","#istaâ€¦"
"3778","â€¦"
"3779","ğÿ¯httâ€¦"
"3780","bâ€¦"
"3781","râ€¦"
"3782","areâ€¦"
"3783","charâ€¦"
"3784","areâ€¦"
"3785","wâ€¦"
"3786","bâ€¦"
"3787","destrâ€¦"
"3788","â€¦"
"3789","iâ€¦"
"3790","whiâ€¦"
"3791","shotâ€¦"
"3792","itâ€¦"
"3793","tougâ€¦"
"3794","ampâ€¦"
"3795","eyâ€¦"
"3796","â€œnbcsnl"
"3797","gerã¤te"
"3798","ã¼ber"
"3799","mã¼ssen"
"3800","unterstã¼tzen"
"3801","fã¼r"
"3802","ğÿâœˆï¸"
"3803","bã¼rgerinnen"
"3804","reuãÿ"
"3805","mãglichkeiten"
"3806","ğÿš¨ğÿºğÿ¸"
"3807","ğÿºğÿ¸ğÿš¨"
"3808","sâ€¦"
"3809","excuâ€¦"
"3810","oâ€¦"
"3811","spâ€¦"
"3812","â€¦"
"3813","â€¦"
"3814","#democraticpartâ€¦"
"3815","â€¦"
"3816","iâ€¦"
"3817","1765â€¦"
"3818","#illâ€¦"
"3819","theâ€¦"
"3820","#iâ€¦"
"3821","â€¦"
"3822","senatemajlâ€¦"
"3823","~"
"3824","â€¦"
"3825","fasâ€¦"
"3826","letâ€™s"
"3827","neverâ€¦"
"3828","theâ€¦"
"3829","donâ€¦"
"3830","hâ€¦"
"3831","secessioâ€¦"
"3832","â€¦"
"3833","foâ€¦"
"3834","senatorsâ€¦"
"3835","ğÿ˜former"
"3836","â€¦"
"3837","toâ€¦"
"3838","millioâ€¦"
"3839","â€¦"
"3840","#anâ€¦"
"3841","â€¦"
"3842","americaâ€¦"
"3843","â€¦"
"3844","rallyâ€¦"
"3845","islamistsâ€¦"
"3846","aiâ€¦"
"3847","questioâ€¦"
"3848","tougâ€¦"
"3849","commeâ€¦"
"3850","filtâ€¦"
"3851","wâ€¦"
"3852","jâ€¦"
"3853","ğÿºğÿ¸patriotsğÿºğÿ¸do"
"3854","countâ€¦"
"3855","msmğÿenemy"
"3856","toâ€¦"
"3857","ampâ€¦"
"3858","wâ€¦"
"3859","anythinâ€¦"
"3860","tâ€¦"
"3861","marcorubiâ€¦"
"3862","wâ€¦"
"3863","theâ€¦"
"3864","sâ€¦"
"3865","â€¦"
"3866","ğÿ¾"
"3867","clâ€¦"
"3868","ampâ€¦"
"3869","sâ€¦"
"3870","#vpâ€¦"
"3871","â€¦"
"3872","thâ€¦"
"3873","aâ€¦"
"3874","realityâ€¦"
"3875","youâ€¦"
"3876","tâ€¦"
"3877","#altleâ€¦"
"3878","2020â"
"3879","hourâ"
"3880","â€¦"
"3881","ğÿºğÿ¸the"
"3882","potusğÿºğÿ¸"
"3883","ğÿ¤obamağÿ¤"
"3884","peopâ€¦"
"3885","â€¦"
"3886","characâ€¦"
"3887","iğÿfeelğÿºğÿ¸the"
"3888","â€¦"
"3889","â€œrealalexjones"
"3890","ğÿœµtime"
"3891","â€¦"
"3892","ğÿºğÿ¸"
"3893","refâ€¦"
"3894","johnğÿğÿwayne"
"3895","benedicâ€¦"
"3896","amâ€¦"
"3897","ğÿºğÿ¸"
"3898","saâ€¦"
"3899","nationâ€¦"
"3900","ğÿšğÿ¼"
"3901","racismâ€¦"
"3902","claâ€¦"
"3903","ğÿ¯httpsâ€¦"
"3904","#whâ€¦"
"3905","ğÿ¥torchesğÿ¥amp"
"3906","theâ€¦"
"3907","weinsteinâ€™s"
"3908","foâ€¦"
"3909","â€¦"
"3910","crimâ€¦"
"3911","gâ€¦"
"3912","â€¦"
"3913","wiâ€¦"
"3914","linâ€¦"
"3915","~"
"3916","â€¦"
"3917","â¤ï¸love"
"3918","ğÿºğÿ¸retweet"
"3919","thâ€¦"
"3920","iâ€¦"
"3921","â€¦"
"3922","â€¦"
"3923","âšï¸"
"3924","â€œcrowd"
"3925","rallyâ€"
"3926","tâ€¦"
"3927","â€¦"
"3928","â€kt"
"3929","trâ€¦"
"3930","|"
"3931","inviâ€¦"
"3932","â€¦"
"3933","cullâ€¦"
"3934","reâ€¦"
"3935","â€¦"
"3936","ampâ€¦"
"3937","â€¦"
"3938","advisorsğÿhiggins"
"3939","â€¦"
"3940","â€¦"
"3941","literâ€¦"
"3942","holiâ€¦"
"3943","taâ€¦"
"3944","soâ€¦"
"3945","citizâ€¦"
"3946","iâ€¦"
"3947","impartâ€¦"
"3948","â€¦"
"3949","â€¦"
"3950","affectâ€¦"
"3951","hisâ€¦"
"3952","hisâ€¦"
"3953","promiseâ€¦"
"3954","truâ€¦"
"3955","truth~prestrump"
"3956","aâ€¦"
"3957","â€¦"
"3958","chopperguâ€¦"
"3959","tâ€¦"
"3960","maâ€¦"
"3961","revolutionâ€¦"
"3962","addrâ€¦"
"3963","hireâ€¦"
"3964","succeedâ€¦"
"3965","â€¦"
"3966","#obâ€¦"
"3967","â€¦"
"3968","pâ€¦"
"3969","inâ€¦"
"3970","râ€¦"
"3971","â€¦"
"3972","oâ€¦"
"3973","statesâ€¦"
"3974","â€¦"
"3975","2â€¦"
"3976","ignâ€¦"
"3977","yoursâ€¦"
"3978","ampâ€¦"
"3979","wâ€¦"
"3980","whiâ€¦"
"3981","#wetheâ€¦"
"3982","anâ€¦"
"3983","doâ€¦"
"3984","youâ€¦"
"3985","comeâ€¦"
"3986","â€œevery"
"3987","lâ€¦"
"3988","itâ€¦"
"3989","#tâ€¦"
"3990","sev10â€¦"
"3991","peacâ€¦"
"3992","ğÿ¥boomğÿ¥"
"3993","â€¦"
"3994","mâ€¦"
"3995","lâ€¦"
"3996","robiâ€¦"
"3997","absolutelâ€¦"
"3998","â€¦"
"3999","#sanâ€¦"
"4000","realdâ€¦"
"4001","reâ€¦"
"4002","putâ€¦"
"4003","retweetğÿ˜šfox"
"4004","uâ€¦"
"4005","stronâ€¦"
"4006","â€¦"
"4007","â€œupdate"
"4008","asiaâ€â€¦"
"4009","becauseâ€¦"
"4010","â€¦"
"4011","sâ€¦"
"4012","19â€¦"
"4013","ofâ€¦"
"4014","â€¦"
"4015","diâ€¦"
"4016","gleâ€¦"
"4017","caâ€¦"
"4018","â€¦"
"4019","â€˜losersâ€™"
"4020","â€˜fat"
"4021","actorsâ€™"
"4022","anâ€¦"
"4023","wanâ€¦"
"4024","bâ€¦"
"4025","liveâ€¦"
"4026","obstâ€¦"
"4027","wanâ€¦"
"4028","willâ€¦"
"4029","calleâ€¦"
"4030","moneyâ€¦"
"4031","bâ€¦"
"4032","goveâ€¦"
"4033","liebermanâ€™s"
"4034","rosieâ€™s"
"4035","meantâ€¦"
"4036","tâ€¦"
"4037","#chaâ€¦"
"4038","southerâ€¦"
"4039","obamaâ€™s"
"4040","â€¦"
"4041","easiâ€¦"
"4042","witâ€¦"
"4043","â€¦"
"4044","râ€¦"
"4045","â€¦"
"4046","â€¦"
"4047","râ€¦"
"4048","christâ€™s"
"4049","unâ€¦"
"4050","oâ€¦"
"4051","kilâ€¦"
"4052","foâ€¦"
"4053","â€¦"
"4054","arentâ€¦"
"4055","$201mâ€¦"
"4056","â€¦"
"4057","â€¦"
"4058","2â€¦"
"4059","â€¦"
"4060","caâ€¦"
"4061","vâ€¦"
"4062","mayorâ€™s"
"4063","â€œi"
"4064","peopleâ€"
"4065","â€œbeanpole"
"4066","whiâ€¦"
"4067","happeâ€¦"
"4068","donâ€™t"
"4069","â€œintelligence"
"4070","democratâ€"
"4071","beauâ€¦"
"4072","stilâ€¦"
"4073","tâ€¦"
"4074","jusâ€¦"
"4075","donâ€¦"
"4076","tâ€¦"
"4077","â€¦"
"4078","isnâ€™t"
"4079","hollâ€¦"
"4080","disâ€¦"
"4081","moâ€¦"
"4082","affirmatâ€¦"
"4083","lackâ€¦"
"4084","â€¦"
"4085","noâ€¦"
"4086","fiâ€¦"
"4087","bribeâ€¦"
"4088","â€¦"
"4089","sideâ€¦"
"4090","wanâ€¦"
"4091","ğÿš¨its"
"4092","tâ€¦"
"4093","signâ€¦"
"4094","ğÿºğÿ¸he"
"4095","retâ€¦"
"4096","batğÿ©"
"4097","hypocrisyğÿ¤£"
"4098","ğÿ©"
"4099","itğÿ˜ğÿ˜ğÿ˜"
"4100","ğÿºğÿ¸"
"4101","batğÿ©"
"4102","hypocrisyğÿ˜ğÿ˜ğÿ˜"
"4103","itğÿ¤£"
"4104","ğÿºğÿ¸"
"4105","ğÿ©"
"4106","ğÿ¤£ğÿ¤£ğÿ¤£ğÿ¤£"
"4107","ğÿºğÿ¸"
"4108","â€¦"
"4109","â€¦"
"4110","favâ€¦"
"4111","#fridaâ€¦"
"4112","â€¦"
"4113","bagsğÿ¤£ğÿ¤£"
"4114","ğÿ˜ğÿ˜ğÿ˜ğÿ˜ğÿ˜maga"
"4115","trumpğÿºğÿ¸"
"4116","ğÿºğÿ¸"
"4117","ğÿºğÿ¸ğÿºğÿ¸ğÿºğÿ¸ğÿºğÿ¸ğÿºğÿ¸ğÿºğÿ¸ğÿºğÿ¸ğÿºğÿ¸ğÿºğÿ¸ğÿºğÿ¸ğÿºğÿ¸ğÿºğÿ¸we"
"4118","potusâ€¦"
"4119","bbbwwwaaaaaağÿ˜ğÿ˜ğÿ˜ğÿ˜"
"4120","ğÿºğÿ¸"
"4121","ampâ€¦"
"4122","ğÿ¾"
"4123","clâ€¦"
"4124","â€¦"
"4125","â¤u"
"4126","ğÿºğÿ¸"
"4127","poâ€¦"
"4128","tâ€¦"
"4129","â€¦"
"4130","heâ€¦"
"4131","latâ€¦"
"4132","ğÿ¥boomğÿ¥nk"
"4133","#wâ€¦"
"4134","â€¦"
"4135","ğÿºğÿ¸"
"4136","workâ€¦"
"4137","untilğÿğÿdoj"
"4138","râ€¦"
"4139","themâ€¦"
"4140","sickenedâ€¦"
"4141","isâ€¦"
"4142","ğÿºğÿºğÿºğÿğÿğÿğÿğÿğÿits"
"4143","folloâ€¦"
"4144","newsğÿ¤£"
"4145","batğÿ©"
"4146","ğÿºğÿ¸"
"4147","democratâ€¦"
"4148","ğÿğÿ"
"4149","terrâ€¦"
"4150","positionâ€¦"
"4151","ğÿ˜ğÿ˜ğÿ˜ğÿ˜nazi"
"4152","hateğÿ¤£"
"4153","theoristsğÿ˜ğÿ˜ğÿ˜ğÿ˜"
"4154","ğÿºğÿ¸"
"4155","fiâ€¦"
"4156","â€¦"
"4157","dallaâ€¦"
"4158","notâ€¦"
"4159","liningğÿ¤£"
"4160","beaconâ€¦"
"4161","worthlessnessğÿˆğÿğÿ©ğÿƒğÿğÿ˜ğÿğÿğÿ"
"4162","â€¦"
"4163","lotâ€¦"
"4164","gendâ€¦"
"4165","politicsâ€¦"
"4166","lâ€¦"
"4167","â€¦"
"4168","oustedâ€¦"
"4169","ğÿ¥boom"
"4170","ğÿ¥"
"4171","ğÿ¥"
"4172","boomğÿ¥"
"4173","ğÿ®"
"4174","ğÿ®"
"4175","ğÿš¨accomplice"
"4176","#murderğÿš¨"
"4177","#therâ€¦"
"4178","â€¦"
"4179","whiâ€¦"
"4180","batğÿ©"
"4181","ğÿ©"
"4182","americaâ€¦"
"4183","batğÿ©"
"4184","waysğÿ"
"4185","ğÿğÿ©"
"4186","ğÿºğÿ¸"
"4187","ğÿ©"
"4188","ğÿºğÿ¸"
"4189","trumpğÿºğÿ¸ğÿºğÿ¸ğÿºğÿ¸ğÿ™â¤ğÿ˜ğÿğÿœ"
"4190","ğÿ˜there"
"4191","ğÿºğÿ¸"
"4192","â€¦"
"4193","staâ€¦"
"4194","realdonaldtâ€¦"
"4195","claâ€¦"
"4196","trâ€¦"
"4197","regâ€¦"
"4198","ridâ€¦"
"4199","farâ€¦"
"4200","probablyâ€¦"
"4201","armâ€¦"
"4202","caâ€¦"
"4203","complâ€¦"
"4204","ğÿ˜ğÿ˜ğÿ˜"
"4205","ğÿºğÿ¸ğÿºğÿ¸ğÿºğÿ¸"
"4206","ampâ€¦"
"4207","â€¦"
"4208","rightğÿamp"
"4209","ğÿ©"
"4210","killğÿ¤£ğÿ¤£"
"4211","ğÿºğÿ¸"
"4212","â€¦"
"4213","ğÿ¾"
"4214","clâ€¦"
"4215","ğÿœ"
"4216","ğÿºğÿ¸"
"4217","sadâ€¦"
"4218","payâ€¦"
"4219","theâ€¦"
"4220","thisğÿ˜"
"4221","aâ€¦"
"4222","â€¦"
"4223","ğÿ©"
"4224","ğÿºğÿ¸"
"4225","workğÿ¤£ğÿ¤£"
"4226","ğÿºğÿ¸"
"4227","â€¦"
"4228","ğÿºğÿ¸"
"4229","ğÿ©"
"4230","fâ€¦"
"4231","reâ€¦"
"4232","ï½"
"4233","ï½"
"4234","ï½ï½ï½"
"4235","â¤ï¸"
"4236","ï½ï½ï½ï½"
"4237","ğÿ€ğÿ"
"4238","lattualitã"
"4239","usersâ€™"
"4240","veritã"
"4241","privilegâ€¦"
"4242","â€¦"
"4243","aâ€¦"
"4244","wâ€¦"
"4245","amâ€¦"
"4246","râ€¦"
"4247","thâ€¦"
"4248","ğÿºğÿ¸he"
"4249","retâ€¦"
"4250","nixonâ€™s"
"4251","#libertã©"
"4252","â€œhotel"
"4253","guideâ€"
"4254","|"
"4255","andrã©"
"4256","forcedâ€¦"
"4257","~"
"4258","loveï½"
"4259","ï½"
"4260","ï½"
"4261","appï½"
"4262","ï½"
"4263","detailsscriptâhttpstcob3xicgh9pd"
"4264","âš"
"4265","votedâ€"
"4266","ï½httpstcosmf2wpybof"
"4267","ï½"
"4268","|"
"4269","|"
"4270","|"
"4271","|"
"4272","|"
"4273","ï½ï½ï½"
"4274","â€œno"
"4275","flockinâ€"
"4276","â€˜"
"4277","â€˜"
"4278","|"
"4279","blackâ€™s"
"4280","â€œmemory"
"4281","ofâ€¦"
"4282","usâ€"
"4283","peteâ"
"4284","ï½"
"4285","ï½"
"4286","ï½ï½"
"4287","ï½breakfast"
"4288","ï½champagne"
"4289","ï½"
"4290","ï½"
"4291","ï½ï½"
"4292","ï½breakfast"
"4293","ï½champagne"
"4294","â"
"4295","aprã¨s"
"4296","aprã¨s"
"4297","â€œno"
"4298","delayâ€"
"4299","â€œwait"
"4300","remixâ€"
"4301","|"
"4302","ï½ï½ï½"
"4303","ampâ€¦"
"4304","ï½"
"4305","#pressplayâï¸"
"4306","#paydayï½ï½ï½â€¦"
"4307","âœœ"
"4308","â€˜get"
"4309","showâ€™"
"4310","ï½"
"4311","âœš"
"4312","â€˜"
"4313","â€˜"
"4314","requestâ"
"4315","nomadâ"
"4316","@airitoutradioâ"
"4317","mondaysâ"
"4318","inâ€¦"
"4319","âœï¸"
"4320","ï½feb25th"
"4321","ï½"
"4322","ï½ï½"
"4323","ï½"
"4324","âœï¸"
"4325","ï½feb25th"
"4326","ï½"
"4327","ï½ï½"
"4328","ï½"
"4329","âœï¸"
"4330","ï½feb25th"
"4331","ï½"
"4332","ï½ï½"
"4333","ï½"
"4334","ï½"
"4335","ï½"
"4336","flavorï½"
"4337","ï½ï½"
"4338","ï½"
"4339","â€œsometimesâ€"
"4340","~gt"
"4341","ï½ï½ï½"
"4342","clockï½"
"4343","â€"
"4344","â€œclubâ"
"4345","medellinâ€"
"4346","â€"
"4347","â€œclubâ"
"4348","medellinâ€"
"4349","â€"
"4350","â€œclubâ"
"4351","medellinâ€"
"4352","â€"
"4353","â€œclubâ"
"4354","medellinâ€"
"4355","ï½ï½ï½"
"4356","ï½ï½ï½"
"4357","bï½ï½ï½ï½"
"4358","ï½ï½"
"4359","ï½ï½"
"4360","#goodmusicnogimmicksâ€¦"
"4361","ï½"
"4362","newsï½"
"4363","ï½ï½âœâœš"
"4364","bioï½"
"4365","christtlcğÿ"
"4366","@columbiabtâ€¦"
"4367","theï½because"
"4368","itï½"
"4369","ã°å¸â€™â¥"
"4370","billboardhiphopâ€¦"
"4371","cemeteryâ€¼"
"4372","ï½ï½wiretap"
"4373","â€¼"
"4374","oneï½ï½ï½ï½"
"4375","â€œthe"
"4376","nowâ€â€¦"
"4377","kathleenâ€¦"
"4378","projectâ€¦"
"4379","ï½"
"4380","gregâ"
"4381","|"
"4382","â€˜in"
"4383","itâ€™"
"4384","ğÿ¥ğÿ¥"
"4385","ğÿ˜ğÿ˜"
"4386","@nefthepharaohâ€™s"
"4387","ğÿ¯âœšğÿ½"
"4388","itâ€™s"
"4389","#indieâ€¦"
"4390","ğÿ¥"
"4391","|"
"4392","bioâ˜ğÿ½"
"4393","ğÿ¥ğÿ¥ğÿ¥ğÿ¥"
"4394","ã¢â¬ëœ"
"4395","ã¢â¬ëœ"
"4396","proceedğÿğÿ¾"
"4397","â€¼ï¸can"
"4398","wordâ€¼ï¸"
"4399","neededâ©"
"4400","|"
"4401","ğÿ€"
"4402","|"
"4403","2017â€¦join"
"4404","ampâ€¦"
"4405","omgstrengthâ€¦"
"4406","songâ€¦"
"4407","|"
"4408","ğÿœ"
"4409","â€˜white"
"4410","capitalâ€™"
"4411","ğÿ˜"
"4412","âhttpstcokdwltmcpch"
"4413","62â€¦"
"4414","theâ€¦"
"4415","ğÿ±"
"4416","boomğÿ¥because"
"4417","waleâ€™s"
"4418","ğÿ¥ğÿ¤ğÿ¥"
"4419","pageğÿ¯ğÿ¯"
"4420","likesğÿ˜âœ"
"4421","luvğÿ˜âœ"
"4422","ğÿ€ğÿ€"
"4423","#returnofthemaxğÿ"
"4424","#radionetworkğÿœ"
"4425","#radionetworkğÿœ"
"4426","lifeâ€™s"
"4427","ğÿ™ğÿ½"
"4428","moreâ€¦"
"4429","tryğÿ¤ğÿ"
"4430","ğÿ˜"
"4431","ğÿš¨ğÿš¨yoooooğÿš¨ğÿš¨chicago"
"4432","tryğÿ¤ğÿ"
"4433","ğÿ˜"
"4434","kaleâ€™s"
"4435","â€˜tidal"
"4436","gravesâ€™"
"4437","augustğÿğÿ˜"
"4438","hahağÿ˜œvmas2017"
"4439","ğÿ¥ğÿ¯ğÿğÿ½ğÿğÿ½"
"4440","ğÿ¥ğÿ˜¤"
"4441","ğÿ"
"4442","ğÿ˜¬"
"4443","âœšğÿ¾"
"4444","ãƒãƒãƒ"
"4445","toâ€¦"
"4446","â€"
"4447","hourâ€¼ï¸"
"4448","inğÿ™ğÿ¾"
"4449","ã¯ââcheapest"
"4450","ã°å¸â€™â¥"
"4451","ğñ€ğºğ°ğ´ğ¸ğ¹"
"4452","ğ"
"4453","ğ¾ñğµğ½ğ±ğµñ€ğ³"
"4454","ğšñƒğ±ğ¾ğº"
"4455","ğ¼ğ¸ñ€ğ°"
"4456","ğğœ"
"4457","ğ²"
"4458","ğœğ¾ñğºğ²ğµ"
"4459","ğ¸"
"4460","ğğğ¸ğ¼ğğ¸ğ°ğ´ğ°"
"4461","ğ´ğñ"
"4462","ğ½ğ°ñ"
"4463","ğñ€ğ¸ğ¾ñ€ğ¸ñğµñğ½ñğµ"
"4464","ğğ°ğ´ğ°ñğ¸"
"4465","tâ€¦"
"4466","mâ€¦"
"4467","ğÿâï¸ğÿâï¸ğÿâï¸ğÿâï¸ğÿ"
"4468","abcâ€¼ï¸"
"4469","â€¼ï¸totally"
"4470","â€¦"
"4471","â€¦"
"4472","hâ€¦"
"4473","prosecuteâ€¦"
"4474","shouâ€¦"
"4475","â€¦"
"4476","realityâ€¦"
"4477","ğÿ¤"
"4478","#doublestâ€¦"
"4479","â€¦"
"4480","stâ€¦"
"4481","â€¦"
"4482","â€¦"
"4483","wanâ€¦"
"4484","bâ€¦"
"4485","liveâ€¦"
"4486","obstâ€¦"
"4487","wanâ€¦"
"4488","calleâ€¦"
"4489","willâ€¦"
"4490","moneyâ€¦"
"4491","bâ€¦"
"4492","goveâ€¦"
"4493","liebermanâ€™s"
"4494","rosieâ€™s"
"4495","meantâ€¦"
"4496","tâ€¦"
"4497","#chaâ€¦"
"4498","southerâ€¦"
"4499","obamaâ€™s"
"4500","â€¦"
"4501","easiâ€¦"
"4502","witâ€¦"
"4503","â€¦"
"4504","râ€¦"
"4505","â€¦"
"4506","â€¦"
"4507","râ€¦"
"4508","christâ€™s"
"4509","unâ€¦"
"4510","kilâ€¦"
"4511","oâ€¦"
"4512","foâ€¦"
"4513","â€¦"
"4514","arentâ€¦"
"4515","$201mâ€¦"
"4516","â€¦"
"4517","â€¦"
"4518","2â€¦"
"4519","â€¦"
"4520","caâ€¦"
"4521","vâ€¦"
"4522","mayorâ€™s"
"4523","â€œi"
"4524","peopleâ€"
"4525","â€œbeanpole"
"4526","whiâ€¦"
"4527","happeâ€¦"
"4528","donâ€™t"
"4529","â€œintelligence"
"4530","democratâ€"
"4531","beauâ€¦"
"4532","stilâ€¦"
"4533","tâ€¦"
"4534","jusâ€¦"
"4535","donâ€¦"
"4536","tâ€¦"
"4537","â€¦"
"4538","isnâ€™t"
"4539","hollâ€¦"
"4540","disâ€¦"
"4541","moâ€¦"
"4542","affirmatâ€¦"
"4543","lackâ€¦"
"4544","â€¦"
"4545","noâ€¦"
"4546","fiâ€¦"
"4547","bribeâ€¦"
"4548","notâ€¦"
"4549","aâ€¦"
"4550","credâ€¦"
"4551","evâ€¦"
"4552","signâ€¦"
"4553","#shadowgovernâ€¦"
"4554","ceâ€¦"
"4555","ğÿ˜"
"4556","ğÿ¾"
"4557","clâ€¦"
"4558","ğÿ°"
"4559","waâ€¦"
"4560","letâ€™s"
"4561","neverâ€¦"
"4562","buâ€¦"
"4563","trusâ€¦"
"4564","tâ€¦"
"4565","257â€¦"
"4566","ğÿ˜throwbackthursdays"
"4567","privilegâ€¦"
"4568","257â€¦"
"4569","ğÿ˜ğÿ˜ğÿ¤£ğÿ˜"
"4570","ğÿ˜ğÿ˜ğÿ¦"
"4571","largeğÿªğÿ¼â€¼ï¸"
"4572","goğÿ™œğÿ¼ğÿ™œğÿ¼ğÿºğÿ¸ğÿºğÿ¸thank"
"4573","allâ€¦"
"4574","â€¦"
"4575","arâ€¦"
"4576","comingâ€¦"
"4577","ğÿš¨"
"4578","#trumpâ€™s"
"4579","managerâ€™s"
"4580","â€¦"
"4581","â€¦"
"4582","tâ€¦"
"4583","warrenâ€¦"
"4584","retractâ€¦"
"4585","resâ€¦"
"4586","thâ€¦"
"4587","sâ€¦"
"4588","coâ€¦"
"4589","seeâ€¦"
"4590","fâ€¦"
"4591","ğÿ™"
"4592","reâ€¦"
"4593","cauâ€¦"
"4594","senatorsâ€¦"
"4595","â€¦"
"4596","ğÿ€both"
"4597","2â€¦"
"4598","wrappedâ€¦"
"4599","257â€¦"
"4600","â€¦"
"4601","ğÿ¤¥"
"4602","adâ€¦"
"4603","maâ€¦"
"4604","â€¦"
"4605","â€¦"
"4606","257â€¦"
"4607","â€¦"
"4608","ğÿœ"
"4609","keeâ€¦"
"4610","â€¦"
"4611","â€¦"
"4612","ğÿ°"
"4613","râ€¦"
"4614","ğÿ°ğÿ°ğÿ°ğÿ°from"
"4615","ğÿ˜ğÿ˜ğÿ˜ğÿ˜ğÿ˜ğÿ˜ğÿ˜"
"4616","ğÿ°ğÿ°ğÿ°ğÿ°from"
"4617","ğÿ˜2"
"4618","râ€¦"
"4619","ğÿ°"
"4620","ğÿ°ğÿ°ğÿ°ğÿ°from"
"4621","ğÿ˜2"
"4622","elâ€¦"
"4623","ğÿ°"
"4624","â€¦"
"4625","themâ€¦"
"4626","ğÿ°ğÿ°ğÿ°ğÿ°from"
"4627","foâ€¦"
"4628","afâ€¦"
"4629","borrowğÿ°from"
"4630","mâ€¦"
"4631","falâ€¦"
"4632","vâ€¦"
"4633","amâ€¦"
"4634","americansâ€¦"
"4635","americaâ€¦"
"4636","supportâ€¦"
"4637","ğÿ°"
"4638","ğÿ˜ğÿ˜ğÿ˜ğÿ˜"
"4639","ansâ€¦"
"4640","ğÿ°"
"4641","ğÿ˜ğÿ˜ğÿ˜ğÿ˜"
"4642","â€¦"
"4643","â€¦"
"4644","ampâ€¦"
"4645","guessâ€¦"
"4646","awayâ€¦"
"4647","tâ€¦"
"4648","ğÿ°ğÿ°ğÿ°ğÿ°from"
"4649","foâ€¦"
"4650","americaâ€¦"
"4651","ourâ€¦"
"4652","fewâ€¦"
"4653","soâ€¦"
"4654","ukrâ€¦"
"4655","songbirâ€¦"
"4656","liesâ€¦"
"4657","withâ€¦"
"4658","mcâ€¦"
"4659","ğÿ°ğÿ°from"
"4660","â€¦"
"4661","oâ€¦"
"4662","toâ€¦"
"4663","ğÿ°ğÿ°ğÿ°"
"4664","soroâ€¦"
"4665","ğÿ°ğÿ°"
"4666","foâ€¦"
"4667","ğÿ°ğÿ°ğÿ°"
"4668","sauâ€¦"
"4669","naziâ€¦"
"4670","gotâ€¦"
"4671","#ukraineâ€¦"
"4672","insanityğÿ€like"
"4673","lâ€¦"
"4674","leâ€¦"
"4675","charâ€¦"
"4676","helpingâ€¦"
"4677","enoughğÿºğÿ¸ğÿºğÿ¸"
"4678","jâ€¦"
"4679","#magâ€¦"
"4680","ğÿ€it"
"4681","ğÿ¤gee"
"4682","amendmentâ€¦"
"4683","tâ€¦"
"4684","ğÿ€it"
"4685","ğÿ¤gee"
"4686","â€¦"
"4687","60â€¦"
"4688","oveâ€¦"
"4689","ğÿ˜±ukrainianâ€¦"
"4690","ğÿ°ğÿ°ğÿ°ğÿ°from"
"4691","ğÿ˜2"
"4692","elâ€¦"
"4693","uâ€¦"
"4694","rejectâ€¦"
"4695","hâ€¦"
"4696","iâ€¦"
"4697","100â€¦"
"4698","#resistâ€¦"
"4699","â¤ï¸amerâ€¦"
"4700","didâ€¦"
"4701","questionsâ€¦"
"4702","ğÿ¤"
"4703","marcoâ€¦"
"4704","enoughâ€¦"
"4705","dâ€¦"
"4706","â¤ï¸this"
"4707","ğÿ€up"
"4708","exactâ€¦"
"4709","awâ€¦"
"4710","seattleâ€¦"
"4711","themâ€¦"
"4712","#pedophiliaâ€¦"
"4713","#patriâ€¦"
"4714","protâ€¦"
"4715","4thâ€¦"
"4716","â€¦"
"4717","americağÿ˜"
"4718","stupidâ¤µ"
"4719","copğÿš¨"
"4720","â€¦"
"4721","sâ€¦"
"4722","â¤ï¸"
"4723","sayâ€¦"
"4724","foâ€¦"
"4725","congreâ€¦"
"4726","â€¦"
"4727","thâ€¦"
"4728","dâ€¦"
"4729","4â­ï¸admirals"
"4730","reâ€¦"
"4731","comâ€¦"
"4732","ğÿºğÿ¸all"
"4733","ğÿš"
"4734","ğÿ¨câ€¦"
"4735","ğÿ¥mcmaster"
"4736","118â€¦"
"4737","awaâ€¦"
"4738","invoâ€¦"
"4739","â€¦"
"4740","ğÿºğÿ¸"
"4741","awfâ€¦"
"4742","â€¦"
"4743","theâ€¦"
"4744","coveâ€¦"
"4745","interâ€¦"
"4746","â€¦"
"4747","taxpayeâ€¦"
"4748","â€¦"
"4749","thosâ€¦"
"4750","imâ€¦"
"4751","mcmasâ€¦"
"4752","fireâ€¦"
"4753","theâ€¦"
"4754","ğÿ¥"
"4755","ğÿlinesâ€¦"
"4756","letsğÿ¥"
"4757","tâ€¦"
"4758","ğÿ¥those"
"4759","ğÿlines"
"4760","ğÿlâ€¦"
"4761","mcmastâ€¦"
"4762","ğÿ¥those"
"4763","ğÿâ€¦"
"4764","ilâ€¦"
"4765","theâ€¦"
"4766","ğÿ™s"
"4767","â€¦"
"4768","firâ€¦"
"4769","tâ€¦"
"4770","mcmasteâ€¦"
"4771","gangâ€¦"
"4772","â€¦"
"4773","ampâ€¦"
"4774","tâ€¦"
"4775","whiteâ€¦"
"4776","firâ€¦"
"4777","mcmâ€¦"
"4778","tooâ€¦"
"4779","overâ€¦"
"4780","feeâ€¦"
"4781","voâ€¦"
"4782","letâ€¦"
"4783","jaysekulowâ€¦"
"4784","muâ€¦"
"4785","mcâ€¦"
"4786","buâ€¦"
"4787","iâ€¦"
"4788","20245611â€¦"
"4789","befoâ€¦"
"4790","hisâ€¦"
"4791","preventâ€¦"
"4792","asaâ€¦"
"4793","â€¦"
"4794","mcmasterâ€¦"
"4795","ğÿ´friday"
"4796","ğÿµcall"
"4797","ğÿºğÿ¸"
"4798","dirâ€¦"
"4799","mediaâ€¦"
"4800","ğÿ¥wapo"
"4801","thatâ€¦"
"4802","theâ€¦"
"4803","iâ€¦"
"4804","wtfâ€¦"
"4805","exâ€¦"
"4806","â€¦"
"4807","reâ€¦"
"4808","dumbaâ­ss"
"4809","clintâ€¦"
"4810","brinâ€¦"
"4811","câ€¦"
"4812","ğÿ™ğÿgod"
"4813","ğÿºğÿ¸"
"4814","â€¦"
"4815","natioâ€¦"
"4816","destructâ€¦"
"4817","knoâ€¦"
"4818","toâ€¦"
"4819","â€œrigging"
"4820","electionâ€"
"4821","upâ"
"4822","lynchâ"
"4823","obamaâ€™s"
"4824","ladenâ€™s"
"4825","ï½â€¼ï¸ï½ï½"
"4826","neukãlln"
"4827","|"
"4828","ï½"
"4829","tearsï½ï½"
"4830","ï½ï½ï½ï½"
"4831","~"
"4832","ï½"
"4833","racistï½"
"4834","#trumptrainï½ï½ï½ï½ï½ï½ï½ï½ï½ï½happy"
"4835","@donaldjtrumpjrï½ï½"
"4836","leftâ©gone"
"4837","â€œthere"
"4838","existsâ€"
"4839","doggâ€™s"
"4840","ruddï½"
"4841","sacrificesï½god"
"4842","ï½ï½ï½ï½"
"4843","â€˜hunt"
"4844","womenâ€™"
"4845","ğÿğÿâšœï¸ğÿğÿâšœï¸ğÿğÿâšœï¸ğÿğÿ"
"4846","ğÿğÿ"
"4847","clintonsâ€™"
"4848","awesomeğÿ˜š"
"4849","ğÿš¨ğÿš¨"
"4850","ğÿ¤"
"4851","ğÿ¥dems"
"4852","uğÿ¥"
"4853","ğÿğÿscotus"
"4854","ğÿºğÿ¸"
"4855","ğÿœğÿ¼ğÿºğÿ¸"
"4856","ğÿ¥boomğÿ¥"
"4857","letâ€™s"
"4858","neverâ€¦"
"4859","â€œillegal"
"4860","dayğÿ¤£"
"4861","ğÿ¤£ğÿ¤£â€¦"
"4862","ğÿ¤£ğÿ¤£â€¦"
"4863","wrongâ€¦"
"4864","wrongâ€¦"
"4865","punditâ€¦"
"4866","potuâ€¦"
"4867","holdâ€¦"
"4868","â€¦"
"4869","â€¦"
"4870","naâ€¦"
"4871","otherwiseğÿ"
"4872","#charloâ€¦"
"4873","#charlottesvilâ€¦"
"4874","â€¦"
"4875","wrongâ€¦"
"4876","bâ€¦"
"4877","cullâ€¦"
"4878","â€¦"
"4879","fâ€¦"
"4880","wiâ€¦"
"4881","â€¦"
"4882","prayerâ€¦"
"4883","â€¦"
"4884","heyâ€¦"
"4885","heyâ€¦"
"4886","â€¦"
"4887","mediaâ€¦"
"4888","sâ€¦"
"4889","aâ€¦"
"4890","#mâ€¦"
"4891","â€including"
"4892","neonazâ€¦"
"4893","chiâ€¦"
"4894","matterâ€¦"
"4895","#monâ€¦"
"4896","haâ€¦"
"4897","â€¦"
"4898","antifağÿ¤ğÿ¤"
"4899","seeâ€¦"
"4900","â€¦"
"4901","withhttpstâ€¦"
"4902","ğÿš¨ğÿºğÿ¸trumptrain"
"4903","â€¦"
"4904","â€¦"
"4905","â€¦"
"4906","thâ€¦"
"4907","altrighâ€¦"
"4908","wonâ€¦"
"4909","conâ€¦"
"4910","#impeacâ€¦"
"4911","charâ€¦"
"4912","allâ€¦"
"4913","heyerâ€™s"
"4914","violenceâ€¦"
"4915","â€¦"
"4916","violenceâ€¦"
"4917","â€¦"
"4918","heaâ€¦"
"4919","didâ€¦"
"4920","wâ€¦"
"4921","coâ€¦"
"4922","dâ€¦"
"4923","#châ€¦"
"4924","bâ€¦"
"4925","whiâ€¦"
"4926","ampâ€¦"
"4927","â€¦"
"4928","fâ€¦"
"4929","violâ€¦"
"4930","â€¦"
"4931","â€¦"
"4932","ğÿºğÿ¸"
"4933","â€¦"
"4934","â€¦"
"4935","â€¦"
"4936","reâ€¦"
"4937","â€˜soaked"
"4938","bloodâ€™"
"4939","â€"
"4940","sandersâ€™"
"4941","â€"
"4942","â€˜strengthen"
"4943","expandâ€™"
"4944","â€"
"4945","â€"
"4946","favâ€¦"
"4947","~"
"4948","conâ€¦"
"4949","#rtğÿšğÿšƒğÿšƒğÿ­"
"4950","supportğÿ¥"
"4951","ğÿ¥"
"4952","amprâ€¦"
"4953","â€˜moderatesâ€™"
"4954","â€"
"4955","â€¦"
"4956","â€¦"
"4957","ciâ€¦"
"4958","â€¦"
"4959","dividedâ€¼ï¸potus"
"4960","wilâ€¦"
"4961","â€¦"
"4962","2â€¦"
"4963","â€¦"
"4964","aâ€¦"
"4965","â€¦"
"4966","ouâ€¦"
"4967","â€¦"
"4968","ğÿ¯httpsâ€¦"
"4969","ğÿºğÿ¸"
"4970","tâ€¦"
"4971","â€¦"
"4972","â€¦"
"4973","senatorsâ€¦"
"4974","toâ€¦"
"4975","denâ€¦"
"4976","libsâ€¦"
"4977","â€¦"
"4978","â€¦"
"4979","â€¦"
"4980","ğÿºğÿ¸"
"4981","#supportourâ€¦"
"4982","overâ€¦"
"4983","â€¦"
"4984","â€¦"
"4985","yâ€¦"
"4986","itâ€™s"
"4987","medâ€¦"
"4988","oâ€¦"
"4989","claâ€¦"
"4990","â€¦"
"4991","ğÿ£ï¸thank"
"4992","ğÿ"
"4993","gunğÿ"
"4994","#winninâ€¦"
"4995","â€¦"
"4996","â€¦"
"4997","â€¦"
"4998","underâ€¦"
"4999","#norâ€¦"
"5000","â€¦"
"5001","reâ€¦"
"5002","fraudâ"
"5003","â€¦"
"5004","â€¦"
"5005","#firemcmastâ€¦"
"5006","ğÿºğÿ¸wethepeople"
"5007","siâ€¦"
"5008","retractionâ€¼ï¸too"
"5009","tâ€¦"
"5010","dâ€¦"
"5011","uâ€¦"
"5012","donâ€¦"
"5013","plannedâ€¦"
"5014","nâ€¦"
"5015","â€¦"
"5016","criticaâ€¦"
"5017","queâ€¦"
"5018","racismampbiâ€¦"
"5019","ğÿºğÿ¸ampthose"
"5020","yourâ€¦"
"5021","â€¦"
"5022","ğÿ˜"
"5023","nevâ€¦"
"5024","reaâ€¦"
"5025","teâ€¦"
"5026","theâ€¦"
"5027","lightbâ€¦"
"5028","attaäked"
"5029","wasntâ€¦"
"5030","iâ€¦"
"5031","â€¦"
"5032","denâ€¦"
"5033","#vâ€¦"
"5034","teâ€¦"
"5035","câ€¦"
"5036","trumpâ€¦"
"5037","thâ€¦"
"5038","republicaâ€¦"
"5039","â€¦"
"5040","ğÿ©is"
"5041","theâ€¦"
"5042","#antifaterroriâ€¦"
"5043","reelectâ€¦"
"5044","heâ€™s"
"5045","trumpâ€™s"
"5046","â€œevery"
"5047","#dosomâ€¦"
"5048","explaiâ€¦"
"5049","cloâ€¦"
"5050","hâ€¦"
"5051","attâ€¦"
"5052","destructiveâ€¦"
"5053","foxnewâ€¦"
"5054","ğÿºğÿ¸obama"
"5055","knowâ€¦"
"5056","â€¦"
"5057","câ€¦"
"5058","republicaâ€¦"
"5059","ğÿ¥altleft"
"5060","wâ€¦"
"5061","highâ€¦"
"5062","iâ€¦"
"5063","nationâ€™s"
"5064","officersâ€™"
"5065","2â€¦"
"5066","youâ€™re"
"5067","â€"
"5068","itâ€™ll"
